id,time_spending,reasons_using,d_information,d_communication,d_new_friend,d_share,d_study,d_entainterment,number_friends,group_membership,SIU_INGroup,informational_use,SIU_1,SIU_2,SIU_3,entertainment_use,OEP_1,political_efficacy,OEP_2,OEP_3,OEP_4_Data,OEP_4,OFEP_1,OFEP_2,OFEP_3,OFEP_4,gender,age,barth_place,education,job,income,rural_urban_1,location,rural_urban_2,fav_party
1,3,"1, 2, 5",1,1,0,0,1,0,4,"1, 2, 3, 4",4,4,5,4,4,5,4,4,4,2,1,1,1,0,1,1,0,23,5,4,1,1,1,10,1,1
2,2,"1, 2, 4, 5",1,1,0,1,1,0,2,"1, 2, 3, 4",4,5,5,4,4,4,4,3,4,1,1,1,0,0,0,1,0,30,10,4,4,3,3,10,1,4
3,3,"1, 4, 6",1,0,0,1,0,1,3,"1, 2, 3, 4",4,3,2,3,2,5,4,3,2,4,1,1,1,1,1,0,1,22,14,4,1,1,4,14,3,4
4,3,6,0,0,0,0,0,1,4,"2, 3, 4",3,4,4,4,4,5,4,3,2,2,1,1,0,0,1,1,0,23,8,5,1,2,1,10,3,1
5,2,"1, 2, 3, 4, 5, 6",1,1,1,1,1,1,1,"2, 3, 4",3,5,5,5,5,4,4,3,4,3,1,1,0,0,0,1,0,29,8,5,5,2,3,8,1,1
6,3,"2, 6",0,1,0,0,0,1,3,"2, 3",2,1,5,1,1,5,4,2,1,1,1,1,0,0,0,,0,24,13,5,1,2,1,13,1,4
7,3,6,0,0,0,0,0,1,4,"1, 2, 3, 4",4,3,5,2,4,4,4,2,4,2,1,1,0,0,0,1,1,23,10,4,7,5,3,10,1,1
8,2,"1, 2, 5",1,1,0,0,1,0,2,"1, 2, 3, 4",4,5,5,3,5,3,3,3,4,4,"3, 4",2,0,0,0,0,1,40,13,4,4,4,1,13,1,1
9,3,"1, 5",1,0,0,0,1,0,1,"1, 2, 3, 4",4,5,4,1,5,4,4,5,4,4,1,1,1,0,0,0,1,29,10,4,4,2,1,10,3,1
10,3,"1, 3, 4",1,0,1,1,0,0,4,"1, 2, 3, 4",4,4,5,4,5,5,4,4,5,4,1,1,1,0,0,,0,24,8,4,1,1,1,9,1,1
11,1,"1, 5, 6",1,0,0,0,1,1,2,"1, 2, 3, 4",4,4,4,3,5,4,4,4,4,5,1,1,1,0,0,0,0,23,13,5,1,1,1,13,1,1
12,2,"1, 5",1,0,0,0,1,0,3,"2, 3",2,4,4,1,5,1,3,1,4,4,2,1,1,0,0,,0,30,9,4,4,3,1,13,1,1
13,3,"1, 2, 5",1,1,0,0,1,0,2,"1, 2, 3, 4",4,4,5,4,4,5,4,3,4,5,3,1,1,0,0,1,1,28,13,4,4,4,1,13,1,1
14,2,"1, 2, 4, 6",1,1,0,1,0,1,3,"1, 2, 3, 4",4,4,5,4,5,3,3,2,4,3,1,1,1,0,1,0,0,24,10,4,1,1,1,10,1,1
15,3,"1, 2, 4, 5",1,1,0,1,1,0,2,"1, 2",2,4,4,4,4,4,5,2,4,4,1,1,1,0,0,,0,37,9,5,5,2,3,10,1,1
16,3,"1, 2, 4, 5, 6",1,1,0,1,1,1,3,"1, 2, 3, 4",4,4,5,2,5,5,4,1,4,1,1,1,1,0,0,0,0,24,9,4,1,2,2,10,1,1
17,2,"1, 2, 4, 5",1,1,0,1,1,0,3,"2, 3, 4",3,5,5,4,4,4,5,3,3,3,1,1,0,0,0,0,0,29,10,5,5,2,1,10,1,1
18,2,"2, 4, 5, 6",0,1,0,1,1,1,1,"1, 2, 3, 4",4,4,4,4,4,4,4,1,4,1,1,1,1,0,0,1,0,22,10,0,1,2,3,10,1,1
19,2,5,0,0,0,0,1,0,2,2,1,5,5,5,4,4,4,5,4,5,"3, 4",2,1,0,1,1,0,32,7,4,7,2,1,7,2,3
20,3,"1, 2, 3, 4, 5, 6",1,1,1,1,1,1,4,"1, 2, 3, 4",4,4,4,1,4,5,3,1,1,3,2,1,0,0,0,1,1,27,10,6,6,2,2,10,1,1
21,2,"1, 2, 6",1,1,0,0,0,1,2,"1, 2, 4",3,4,5,4,4,4,4,4,4,4,2,1,1,0,0,1,0,29,10,4,7,3,3,10,1,1
22,3,"1, 2, 5",1,1,0,0,1,0,2,"1, 2, 3, 4",4,4,3,2,3,3,3,2,2,3,2,1,1,0,0,0,0,29,10,4,7,3,1,10,1,4
23,3,"1, 2, 3, 5",1,1,1,0,1,0,2,"1, 2, 3, 4",4,4,4,4,4,4,4,4,4,4,1,1,0,0,0,0,0,32,13,5,5,2,1,13,1,1
24,2,"1, 2, 4, 5, 6",1,1,0,1,1,1,3,2,1,2,2,1,4,2,2,2,3,1,2,1,0,0,0,,0,32,9,5,5,2,4,9,3,1
25,2,"2, 4, 5",0,1,0,1,1,0,3,"2, 3, 4",3,3,4,3,3,3,3,3,3,3,1,1,0,0,0,0,0,28,10,5,1,2,5,10,1,4
26,3,"2, 5",0,1,0,0,1,0,4,"1, 2, 3, 4",4,4,4,2,3,3,2,3,3,3,1,1,1,1,1,1,0,21,10,0,1,1,3,10,3,1
27,3,"1, 2, 5, 6",1,1,0,0,1,1,2,"1, 2, 3, 4",4,5,4,4,5,4,3,4,5,3,"1, 3",2,1,0,0,1,0,17,11,0,1,1,3,11,1,1
28,2,"2, 5, 6",0,1,0,0,1,1,2,"1, 2, 4",3,4,5,2,4,5,3,2,3,3,1,1,0,0,0,1,0,29,10,5,4,5,5,10,1,1
29,3,"1, 2",1,1,0,0,0,0,3,"2, 3, 4",3,4,5,3,4,4,4,3,4,5,1,1,1,0,1,1,0,23,8,4,1,1,3,8,1,1
30,2,"1, 6",1,0,0,0,0,1,3,"1, 2, 3, 4",4,5,4,3,4,4,3,5,5,4,1,1,1,1,0,1,0,23,10,4,1,3,1,13,2,1
31,3,"1, 2, 4, 5, 6",1,1,0,1,1,1,4,"1, 2, 3, 4",4,5,5,3,5,5,5,3,5,2,1,1,1,0,0,0,1,37,8,4,4,3,1,13,1,1
32,2,6,0,0,0,0,0,1,2,"2, 3",2,4,5,1,3,5,4,2,3,4,1,1,1,0,0,,0,24,10,4,1,2,1,10,2,1
33,2,"1, 2, 3, 4, 5, 6",1,1,1,1,1,1,4,"2, 3, 4",3,4,4,3,4,5,5,2,3,1,1,1,1,0,1,0,0,25,11,4,5,2,4,11,3,1
34,3,4,0,0,0,1,0,0,3,"2, 3",2,3,3,1,3,3,3,2,2,3,1,1,0,0,0,,1,25,1,4,7,1,4,1,4,4
35,3,5,0,0,0,0,1,0,4,4,1,5,4,2,4,4,4,5,4,5,4,1,1,1,1,1,1,53,10,4,7,4,3,10,1,1
36,3,"1, 2, 4, 5, 6",1,1,0,1,1,1,2,"3, 4",2,5,5,1,5,5,5,3,3,3,2,1,1,0,0,0,1,21,9,3,1,1,1,10,1,1
37,2,"1, 2, 4, 5",1,1,0,1,1,0,3,"1, 2, 3, 4",4,5,5,3,5,4,4,4,4,4,1,1,0,0,0,,0,35,8,6,5,2,1,13,1,1
38,3,6,0,0,0,0,0,1,3,"3, 4",2,1,3,3,3,5,5,1,3,1,1,1,0,0,0,,0,24,10,4,1,1,1,10,1,4
39,3,"1, 2, 3, 4, 5, 6",1,1,1,1,1,1,4,"1, 2, 3, 4",4,5,5,1,5,4,5,4,4,5,4,1,1,1,0,,0,24,1,5,1,2,1,8,1,1
40,3,"1, 2, 5",1,1,0,0,1,0,3,"1, 2, 3",3,4,4,1,4,3,1,1,1,1,1,1,0,0,0,0,1,37,14,3,4,3,1,13,1,4
41,2,"1, 5",1,0,0,0,1,0,1,"2, 4",2,3,4,3,4,3,2,1,3,1,2,1,0,0,0,,0,26,10,4,2,1,4,10,3,1
42,3,"1, 5, 6",1,0,0,0,1,1,1,"1, 2, 3, 4",4,5,2,2,5,4,5,3,5,1,1,1,1,0,0,,0,26,10,4,5,2,1,10,1,1
43,3,"1, 2, 3, 4, 5, 6",1,1,1,1,1,1,3,"1, 2, 3, 4",4,5,5,5,5,5,5,5,5,5,1,1,1,1,1,1,0,36,4,5,7,2,1,13,1,1
44,1,"1, 2, 4, 5",1,1,0,1,1,0,1,3,1,5,5,1,5,5,5,5,5,5,1,1,1,0,1,1,1,24,10,3,7,3,3,10,1,1
45,3,"1, 5, 6",1,0,0,0,1,1,1,"2, 3",2,5,4,1,1,4,1,1,1,1,1,1,1,0,0,0,1,17,5,3,1,1,3,5,2,4
46,2,"1, 2, 4, 5, 6",1,1,0,1,1,1,2,"1, 2, 3, 4",4,4,5,3,4,2,4,5,4,4,"1, 3",2,1,0,1,0,1,19,8,3,1,1,4,8,3,4
47,3,6,0,0,0,0,0,1,3,"1, 2, 3, 4",4,4,2,1,5,5,1,2,3,3,1,1,1,1,1,0,0,22,10,4,7,1,1,10,1,1
48,3,"1, 2, 5",1,1,0,0,1,0,3,"1, 2, 3, 4",4,5,5,3,4,4,5,1,2,3,1,1,1,0,0,1,0,24,10,4,1,1,1,10,1,1
49,3,"1, 4, 6",1,0,0,1,0,1,2,"1, 2, 3, 4",4,4,4,2,4,5,4,1,4,1,1,1,0,0,0,,0,20,13,3,1,2,4,13,3,1
50,3,"1, 2, 4, 5",1,1,0,1,1,0,2,"2, 3, 4",3,4,4,3,4,3,5,4,4,4,2,1,1,1,1,1,1,19,10,4,1,1,1,13,1,4
51,2,1,1,0,0,0,0,0,1,"1, 2, 3, 4",4,4,3,3,4,3,3,4,5,5,3,1,1,0,0,,1,23,10,0,4,3,1,10,1,1
52,3,1,1,0,0,0,0,0,4,2,1,5,4,4,5,4,4,4,4,4,1,1,0,1,0,1,0,29,10,4,5,2,4,10,3,1
53,3,"1, 2, 5",1,1,0,0,1,0,4,"1, 2, 3, 4",4,4,4,3,4,5,3,3,3,3,2,1,0,0,0,,1,21,10,4,4,2,1,10,1,4
54,3,"1, 2, 4, 5, 6",1,1,0,1,1,1,1,"1, 2, 3, 4",4,3,5,1,4,5,3,1,2,1,1,1,1,0,0,,0,21,1,3,1,1,3,8,1,4
55,3,2,0,1,0,0,0,0,3,1,1,5,5,5,5,3,5,5,5,3,2,1,0,0,0,1,0,27,10,4,5,2,3,10,3,1
56,3,"1, 2, 3, 4, 5",1,1,1,1,1,0,4,"1, 2, 3, 4",4,5,5,5,5,4,4,4,5,5,1,1,1,1,1,1,1,25,8,4,4,3,3,14,1,1
57,3,"1, 2, 3, 4, 5, 6",1,1,1,1,1,1,3,"2, 4",2,5,5,5,4,5,4,2,4,4,1,1,1,1,1,0,1,23,10,4,1,1,3,10,2,1
58,3,"1, 2, 5",1,1,0,0,1,0,2,"2, 3",2,3,5,3,3,3,3,2,3,3,2,1,1,0,0,1,0,21,9,0,2,1,4,9,3,1
59,3,"1, 2, 4, 5, 6",1,1,0,1,1,1,3,"1, 2, 3, 4",4,5,5,2,5,4,4,4,5,5,"1, 3",2,1,1,0,,1,19,10,0,1,2,3,10,1,1
60,2,6,0,0,0,0,0,1,1,"2, 4",2,5,1,1,2,1,1,2,1,1,2,1,0,0,0,,0,32,13,5,4,5,1,13,1,1
61,3,"1, 2, 4, 5",1,1,0,1,1,0,3,"1, 2, 3, 4",4,5,5,1,3,1,3,3,3,1,1,1,1,1,0,,1,27,10,4,3,2,1,10,1,4
62,3,"1, 2, 3, 4, 5, 6",1,1,1,1,1,1,3,"1, 2, 3, 4",4,4,4,4,4,4,4,4,4,1,1,1,1,0,0,,0,40,7,5,5,2,2,10,1,4
63,3,"1, 2",1,1,0,0,0,0,2,"1, 2",2,4,5,5,5,5,4,3,5,3,1,1,1,0,0,,1,17,12,0,1,1,1,12,1,1
64,3,6,0,0,0,0,0,1,4,2,1,5,5,4,5,5,5,5,5,5,3,1,1,0,0,1,0,29,10,4,5,2,4,10,3,1
65,3,"1, 2, 4, 5, 6",1,1,0,1,1,1,3,"1, 2, 3, 4",4,5,4,3,5,3,5,5,5,5,"1, 2",2,1,0,0,1,0,21,13,0,7,2,1,13,1,4
66,2,"1, 2",1,1,0,0,0,0,3,"1, 2, 3, 4",4,5,4,4,5,1,1,4,4,4,1,1,1,0,0,0,1,24,8,5,1,1,4,8,3,1
67,3,"1, 2, 4, 5",1,1,0,1,1,0,1,"1, 2, 3, 4",4,3,3,2,3,4,4,2,5,4,1,1,1,0,0,,0,35,13,4,5,2,2,13,1,4
68,3,"1, 5",1,0,0,0,1,0,1,3,1,5,4,1,5,1,1,5,5,3,2,1,1,0,0,1,1,31,10,2,4,2,1,10,3,4
69,3,"1, 2, 4, 5, 6",1,1,0,1,1,1,4,"1, 2, 3, 4",4,3,3,1,5,5,3,3,4,2,2,1,0,0,0,1,0,21,10,0,1,1,3,10,1,1
70,2,"1, 2, 5",1,1,0,0,1,0,2,"1, 2",2,4,4,1,4,1,1,1,4,1,1,1,0,0,0,1,0,52,11,6,5,2,1,10,1,1
71,3,"1, 2, 4, 5",1,1,0,1,1,0,1,"1, 2, 3, 4",4,5,5,4,3,5,5,3,4,5,1,1,1,0,0,,1,24,10,0,1,1,3,10,1,1
72,3,2,0,1,0,0,0,0,3,2,1,5,5,2,5,1,4,1,4,4,1,1,1,0,0,1,0,28,10,5,5,2,3,10,4,2
73,3,"1, 2, 5, 6",1,1,0,0,1,1,4,"1, 2, 3, 4",4,4,5,2,4,4,1,4,3,4,1,1,1,0,0,,0,24,7,4,1,3,1,10,1,1
74,2,"1, 4, 6",1,0,0,1,0,1,2,3,1,3,4,2,4,4,1,4,4,4,2,1,0,0,0,,0,42,5,4,4,2,1,11,1,4
75,2,3,0,0,1,0,0,0,3,1,1,5,5,5,5,4,5,3,5,5,3,1,1,1,1,1,1,25,7,3,7,3,1,7,1,1
76,2,"2, 4, 6",0,1,0,1,0,1,2,"1, 2, 3, 4",4,3,5,2,3,5,3,1,3,3,1,1,1,0,0,,0,38,10,6,5,5,2,10,1,1
77,3,"2, 4",0,1,0,1,0,0,2,"2, 4",2,4,5,3,4,5,3,3,3,3,1,1,1,1,0,1,0,21,8,4,1,1,1,10,1,1
78,2,6,0,0,0,0,0,1,3,"1, 2, 3, 4",4,4,3,3,4,5,5,3,4,4,2,1,1,0,0,,0,24,8,4,4,2,1,10,1,1
79,3,"2, 5",0,1,0,0,1,0,1,"1, 2",2,3,4,1,1,2,1,1,3,1,1,1,0,0,0,1,0,19,13,4,1,1,1,13,1,1
80,2,5,0,0,0,0,1,0,2,3,1,4,4,1,5,1,2,2,5,5,3,1,1,1,1,1,1,22,7,4,7,3,3,1,2,3
81,3,"1, 2, 3, 4, 5, 6",1,1,1,1,1,1,1,"2, 3",2,3,2,2,2,4,4,1,3,3,2,1,0,0,0,,0,18,10,0,1,1,3,10,1,1
82,3,"1, 2, 4, 5, 6",1,1,0,1,1,1,2,"1, 2, 3, 4",4,5,5,4,5,5,5,5,4,4,1,1,1,1,0,0,0,32,9,4,4,2,1,10,1,1
83,2,"1, 2, 4, 5",1,1,0,1,1,0,3,2,1,5,4,1,5,1,4,5,5,5,2,1,1,0,0,1,0,28,7,5,5,2,4,7,4,1
84,2,"1, 2, 3, 5",1,1,1,0,1,0,4,"2, 4",2,4,4,4,5,1,4,4,4,5,"1, 3",2,1,0,0,,1,33,10,4,5,2,4,10,3,1
85,2,6,0,0,0,0,0,1,2,"1, 2, 3",3,1,2,2,1,5,3,1,1,1,2,1,0,0,0,,0,24,9,4,4,3,3,10,1,4
86,3,"1, 2, 5, 6",1,1,0,0,1,1,2,"1, 2, 3, 4",4,5,5,4,4,4,3,2,4,2,1,1,1,0,0,1,1,21,9,3,1,1,1,10,1,1
87,3,"1, 2, 3, 4, 5, 6",1,1,1,1,1,1,3,"1, 2, 3, 4",4,4,5,4,5,5,5,5,5,5,1,1,0,0,0,,0,22,9,4,1,2,1,10,1,1
88,2,"1, 2, 4, 6",1,1,0,1,0,1,3,"1, 2, 3, 4",4,3,4,2,5,4,4,3,3,1,2,1,1,0,0,,0,24,5,4,1,1,3,5,2,1
89,2,6,0,0,0,0,0,1,3,"1, 2",2,4,4,3,5,5,2,1,5,3,"1, 2",2,1,0,0,,0,21,13,4,1,2,1,13,1,4
90,2,"1, 2, 5",1,1,0,0,1,0,4,"1, 2, 3, 4",4,5,5,5,5,4,4,3,3,4,1,1,1,0,1,1,1,25,8,4,7,3,3,8,1,1
91,3,"1, 2, 5",1,1,0,0,1,0,3,"1, 2, 3",3,4,5,3,4,3,3,4,4,3,2,1,1,0,0,0,0,37,9,5,5,2,3,8,1,1
92,3,"1, 2, 4, 6",1,1,0,1,0,1,2,"2, 3, 4",3,4,5,1,4,5,5,3,3,3,1,1,0,0,0,,0,23,1,4,1,1,3,1,1,1
93,3,6,0,0,0,0,0,1,3,"2, 3, 4",3,3,4,4,5,5,4,4,5,5,1,1,0,0,0,1,0,25,1,4,4,2,1,10,1,1
94,3,4,0,0,0,1,0,0,3,2,1,4,3,2,4,5,1,2,4,2,1,1,0,0,0,,0,24,10,5,1,2,1,10,1,1
95,3,"1, 2, 4, 5, 6",1,1,0,1,1,1,2,"1, 2, 3, 4",4,5,4,2,4,4,2,4,4,4,1,1,1,0,0,1,1,27,10,4,7,2,1,10,1,1
96,3,"1, 2, 5",1,1,0,0,1,0,3,"1, 2, 3, 4",4,4,4,3,4,4,4,3,4,1,2,1,0,0,0,1,0,26,10,1,5,2,4,10,3,1
97,2,"1, 5, 6",1,0,0,0,1,1,3,"1, 2, 3, 4",4,4,4,1,4,5,4,1,3,1,1,1,0,0,0,,0,26,8,5,5,2,3,8,1,1
98,3,"2, 3, 6",0,1,1,0,0,1,4,"2, 3",2,2,4,4,4,5,3,2,3,2,2,1,1,0,0,1,1,21,10,4,1,1,4,10,3,1
99,3,"2, 6",0,1,0,0,0,1,1,"1, 2, 3",3,4,4,2,3,2,2,2,2,2,2,1,0,0,0,0,0,25,7,5,5,2,3,7,2,1
100,2,"1, 2, 5",1,1,0,0,1,0,3,"1, 2, 3",3,5,4,4,5,4,5,4,5,5,2,1,1,0,0,0,1,33,10,4,5,2,2,10,3,4
101,1,2,0,1,0,0,0,0,2,2,1,5,5,1,5,4,1,4,5,1,2,1,1,0,0,1,0,39,8,5,5,2,3,8,2,1
102,3,"2, 5, 6",0,1,0,0,1,1,4,"1, 2",2,5,4,3,5,4,4,4,5,3,1,1,0,0,0,1,0,21,10,4,1,2,3,10,1,4
103,2,"1, 2, 5",1,1,0,0,1,0,2,2,1,4,4,2,5,1,1,2,1,1,1,1,0,0,0,,0,43,10,5,5,2,3,8,1,4
104,2,"1, 4, 5",1,0,0,1,1,0,2,"1, 3",2,4,4,4,5,2,4,4,4,4,3,1,0,0,0,1,1,23,10,4,7,2,1,10,1,1
105,2,6,0,0,0,0,0,1,2,"1, 2, 3",3,3,3,3,3,4,4,1,1,1,1,1,0,0,0,0,1,35,10,5,7,4,1,10,1,1
106,3,"1, 2, 4, 5",1,1,0,1,1,0,3,"1, 2, 3, 4",4,4,5,1,5,4,4,2,5,4,1,1,1,0,0,,0,24,10,4,5,2,2,10,1,1
107,3,"1, 2, 6",1,1,0,0,0,1,1,"1, 2, 3",3,4,4,2,5,4,4,4,5,4,1,1,1,0,0,,0,20,13,0,1,1,3,13,1,1
108,2,"5, 6",0,0,0,0,1,1,3,"1, 2, 3, 4",4,3,4,5,5,5,5,5,4,4,2,1,1,1,0,,1,21,10,4,4,2,3,10,1,1
109,3,"1, 4, 5, 6",1,0,0,1,1,1,2,"2, 3",2,5,5,5,5,5,5,5,5,5,1,1,0,0,0,1,0,24,9,4,1,2,4,9,3,1
110,3,"1, 2, 4, 6",1,1,0,1,0,1,2,"2, 3, 4",3,4,3,3,5,5,3,3,4,3,1,1,1,0,1,1,0,23,8,4,1,1,4,8,3,1
111,1,1,1,0,0,0,0,0,1,4,1,5,5,1,3,1,5,5,5,5,2,1,0,0,0,0,1,46,10,3,7,1,3,10,1,1
112,3,"1, 4, 5, 6",1,0,0,1,1,1,1,"2, 3, 4",3,1,4,3,5,3,4,4,4,1,1,1,1,0,0,0,0,27,10,4,5,2,1,10,1,1
113,3,6,0,0,0,0,0,1,2,1,1,4,4,3,3,5,5,5,5,5,1,1,1,0,1,0,0,24,10,4,4,2,1,13,1,1
114,2,"1, 2, 3, 5",1,1,1,0,1,0,4,"1, 2, 4",3,3,5,4,4,4,4,4,3,3,3,1,1,0,0,1,0,24,9,4,5,2,4,9,3,1
115,3,6,0,0,0,0,0,1,4,2,1,4,4,2,5,5,5,5,5,4,2,1,1,0,0,0,0,23,10,4,5,2,1,10,1,1
116,2,"1, 2, 6",1,1,0,0,0,1,4,"1, 2, 3, 4",4,5,5,1,4,5,2,4,4,4,1,1,0,0,0,,1,31,9,5,5,2,2,10,1,2
117,2,"2, 6",0,1,0,0,0,1,4,"1, 2, 3",3,2,5,4,5,5,5,1,4,1,1,1,1,0,0,,0,23,10,4,4,2,1,13,1,1
118,3,"1, 4, 5, 6",1,0,0,1,1,1,3,"2, 3",2,3,3,2,2,5,4,1,4,1,2,1,0,0,0,0,1,17,12,0,1,1,3,12,1,4
119,2,"1, 2, 4, 5, 6",1,1,0,1,1,1,2,"1, 2, 3, 4",4,5,3,1,4,4,3,1,4,5,1,1,1,0,0,,0,20,7,0,1,1,3,10,1,1
120,3,"1, 2, 5",1,1,0,0,1,0,1,"1, 2, 3, 4",4,5,4,2,5,1,1,3,3,2,1,1,1,0,0,,0,22,10,4,1,1,1,10,1,1
121,3,"1, 6",1,0,0,0,0,1,4,"2, 3, 4",3,5,4,3,4,5,5,3,4,4,2,1,0,0,0,1,0,24,9,0,1,2,3,9,1,1
122,3,"1, 2, 3, 4, 5, 6",1,1,1,1,1,1,4,"1, 2",2,3,4,2,3,4,4,3,4,3,1,1,1,0,0,1,0,24,14,4,4,2,1,13,1,1
123,3,"1, 2, 4, 5",1,1,0,1,1,0,3,"1, 2, 3, 4",4,4,4,3,5,5,5,4,5,5,1,1,0,1,1,1,0,27,9,5,5,2,3,9,1,1
124,2,"1, 2, 4, 6",1,1,0,1,0,1,3,"2, 3, 4",3,3,5,2,5,4,5,3,4,2,1,1,1,0,0,,0,22,10,4,1,2,2,10,1,1
125,3,"2, 3, 4, 5",0,1,1,1,1,0,3,2,1,3,3,3,5,4,2,3,4,5,3,1,1,1,0,1,0,20,8,0,1,1,1,10,1,1
126,2,4,0,0,0,1,0,0,2,1,1,5,5,1,5,4,5,4,2,4,2,1,1,0,0,,1,27,8,5,5,2,3,8,1,1
127,3,5,0,0,0,0,1,0,1,2,1,4,1,4,5,4,5,1,4,1,2,1,0,0,0,1,0,30,13,4,4,2,1,13,3,1
128,2,"1, 4, 6",1,0,0,1,0,1,2,3,1,3,4,4,4,5,5,3,5,3,1,1,1,0,0,1,0,22,1,0,1,1,3,10,1,1
129,2,5,0,0,0,0,1,0,2,2,1,3,4,3,2,3,4,4,4,4,2,1,1,0,0,1,1,24,10,5,3,1,4,10,3,1
130,3,"1, 2, 4, 6",1,1,0,1,0,1,2,2,1,3,4,2,2,4,4,3,4,3,1,1,1,0,0,,0,24,11,4,4,2,3,11,1,1
131,3,"2, 4, 5, 6",0,1,0,1,1,1,4,"1, 2, 3, 4",4,5,5,2,5,5,5,4,5,3,1,1,1,0,0,,0,23,7,4,5,2,1,13,1,1
132,3,"2, 4",0,1,0,1,0,0,3,"1, 3",2,2,3,3,5,4,3,2,3,3,2,1,0,0,0,0,0,20,13,0,1,1,1,13,1,1
133,3,"1, 6",1,0,0,0,0,1,2,"1, 4",2,5,5,4,4,5,5,3,4,4,1,1,1,0,0,,0,22,9,3,1,1,4,9,3,1
134,2,"1, 2, 4, 5, 6",1,1,0,1,1,1,4,"1, 2, 3, 4",4,5,5,3,5,2,5,4,5,4,1,1,1,0,0,1,0,40,14,5,7,3,3,14,1,1
135,3,"1, 4, 5, 6",1,0,0,1,1,1,1,"1, 2",2,5,5,4,5,5,4,3,5,4,2,1,0,1,0,,0,24,10,4,1,1,3,10,1,1
136,3,"1, 2, 4, 5, 6",1,1,0,1,1,1,4,"1, 2, 3, 4",4,4,5,1,5,5,5,4,5,4,1,1,0,0,0,,0,23,10,4,7,2,2,10,,1
137,2,"1, 2, 5, 6",1,1,0,0,1,1,4,"1, 2, 3, 4",4,3,5,1,3,4,4,3,3,1,2,1,1,0,0,,0,22,10,4,5,2,4,10,3,4
138,3,"2, 3, 4",0,1,1,1,0,0,2,1,1,3,5,4,4,3,4,1,3,3,2,1,1,0,0,1,0,24,10,4,7,2,1,10,1,1
139,3,"1, 2, 3, 4, 5, 6",1,1,1,1,1,1,2,"2, 4",2,4,3,4,4,4,5,3,3,4,1,1,0,0,0,0,1,17,13,4,1,1,1,13,1,1
140,2,"1, 5",1,0,0,0,1,0,2,"2, 3, 4",3,3,3,3,4,4,5,3,3,3,1,1,0,0,0,,0,20,8,3,1,1,1,13,1,1
141,1,6,0,0,0,0,0,1,2,3,1,1,1,1,3,5,1,1,1,1,2,1,1,0,0,0,1,34,13,4,4,2,1,13,1,4
142,2,"1, 2, 5",1,1,0,0,1,0,2,"1, 2, 3, 4",4,5,5,2,5,4,2,4,5,1,2,1,1,1,1,1,0,45,7,4,7,2,1,10,1,1
143,3,"1, 2, 5, 6",1,1,0,0,1,1,3,"1, 2, 3, 4",4,3,5,5,5,5,5,3,4,1,1,1,0,0,0,,0,25,13,4,4,2,1,13,1,4
144,1,5,0,0,0,0,1,0,2,2,1,5,4,1,5,1,4,5,3,5,2,1,0,0,0,1,0,22,10,4,2,1,4,10,3,1
145,3,"1, 2, 5, 6",1,1,0,0,1,1,2,"2, 4",2,4,3,3,4,3,3,4,4,4,1,1,0,0,0,,0,35,13,6,5,2,1,13,1,1
146,2,"1, 2, 4",1,1,0,1,0,0,3,"1, 2, 3, 4",4,4,4,3,4,3,3,2,3,3,1,1,0,0,0,,0,40,11,0,5,2,4,11,3,1
147,2,"1, 2, 4, 5",1,1,0,1,1,0,2,"2, 3",2,5,5,3,5,4,3,3,4,4,1,1,1,0,0,0,0,37,11,5,4,4,1,13,1,1
148,3,"1, 4, 5",1,0,0,1,1,0,4,"1, 2, 3, 4",4,4,4,1,4,4,5,1,4,1,1,1,0,0,0,0,1,24,8,4,1,1,3,10,1,1
149,3,"1, 2, 3, 4, 5",1,1,1,1,1,0,2,"1, 2, 3, 4",4,5,5,5,5,4,4,5,2,1,1,1,1,0,0,,1,32,13,5,6,2,1,10,1,4
150,2,"1, 2, 4, 5, 6",1,1,0,1,1,1,2,"1, 2, 3, 4",4,4,4,1,5,4,4,4,5,4,1,1,1,1,0,,0,24,1,4,4,2,1,13,1,1
151,3,"2, 3, 4, 5, 6",0,1,1,1,1,1,2,"2, 3, 4",3,4,5,3,4,5,4,4,3,3,1,1,1,0,0,,0,19,8,0,1,1,1,8,1,1
152,2,"2, 6",0,1,0,0,0,1,2,"1, 2, 3, 4",4,5,4,1,3,5,3,1,3,3,1,1,0,1,1,1,1,35,10,4,5,2,1,8,1,1
153,2,1,1,0,0,0,0,0,3,2,1,5,4,4,5,2,4,1,2,4,3,1,1,0,0,1,0,26,10,5,5,2,1,10,1,1
154,3,6,0,0,0,0,0,1,2,"1, 2, 3, 4",4,4,5,3,1,4,4,1,4,3,1,1,0,0,0,1,0,27,8,4,4,2,1,13,1,1
155,3,1,1,0,0,0,0,0,3,4,1,3,5,3,4,4,5,2,4,1,2,1,0,0,0,1,0,24,10,4,7,2,1,10,1,4
156,3,5,0,0,0,0,1,0,2,3,1,5,1,1,5,1,5,1,1,1,2,1,1,0,0,0,1,50,13,6,7,5,1,13,1,4
157,3,"1, 2, 3, 4, 5, 6",1,1,1,1,1,1,3,"1, 2, 3",3,5,4,2,5,2,2,1,4,5,1,1,1,0,0,1,0,25,13,5,7,4,1,13,1,4
158,3,6,0,0,0,0,0,1,4,"1, 2, 3, 4",4,4,2,1,3,5,5,1,5,1,2,1,0,0,0,1,0,24,10,4,7,5,1,10,1,1
159,3,"1, 2, 4",1,1,0,1,0,0,4,"1, 2, 3, 4",4,4,4,4,4,5,5,3,3,4,1,1,1,0,0,,0,25,13,5,1,2,1,13,1,1
160,3,6,0,0,0,0,0,1,2,2,1,4,5,5,4,3,5,4,4,5,"1, 3",2,1,1,0,1,0,24,8,4,1,2,4,8,3,1
161,2,"2, 4, 5, 6",0,1,0,1,1,1,3,"2, 3",2,5,5,1,5,5,5,3,4,5,2,1,1,0,0,0,0,22,10,4,1,1,1,10,1,1
162,3,"1, 4",1,0,0,1,0,0,3,"1, 2, 4",3,5,2,4,4,5,4,2,2,2,1,1,1,0,0,1,0,25,8,4,5,2,4,8,3,1
163,2,"1, 2, 4",1,1,0,1,0,0,3,"2, 3",2,3,4,1,4,4,5,1,1,1,2,1,0,0,0,0,0,26,10,5,5,2,3,10,1,1
164,3,"1, 5, 6",1,0,0,0,1,1,2,"2, 3, 4",3,3,2,1,4,4,4,1,4,1,1,1,1,0,0,,1,20,1,0,1,1,2,9,1,4
165,1,2,0,1,0,0,0,0,3,"1, 2, 3, 4",4,2,4,2,1,1,5,1,1,3,2,1,0,0,0,0,1,27,13,4,4,3,1,13,1,1
166,2,"1, 2, 5",1,1,0,0,1,0,1,"1, 2, 3, 4",4,5,5,4,5,3,5,3,3,1,1,1,0,0,0,1,0,28,13,4,4,2,1,13,1,1
167,1,"1, 2, 5",1,1,0,0,1,0,1,"2, 4",2,5,5,3,5,3,4,5,5,5,3,1,1,0,0,1,0,34,10,5,5,2,1,10,1,1
168,3,"1, 2, 3, 4, 5, 6",1,1,1,1,1,1,4,"2, 3, 4",3,5,5,4,5,4,5,5,5,5,1,1,1,0,0,0,1,22,10,0,1,1,1,10,1,1
169,2,"1, 2, 5",1,1,0,0,1,0,1,"2, 3, 4",3,3,4,2,3,3,2,4,4,3,1,1,0,0,0,,0,22,10,4,1,1,1,10,1,1
170,3,6,0,0,0,0,0,1,2,3,1,3,3,3,4,3,3,3,4,3,2,1,1,0,0,1,1,22,10,4,4,2,4,10,3,1
171,1,"1, 5",1,0,0,0,1,0,2,3,1,5,4,3,5,3,3,3,4,3,2,1,0,0,0,0,1,35,13,2,3,1,1,13,1,1
172,3,"1, 2, 5",1,1,0,0,1,0,2,"1, 2, 3, 4",4,1,5,2,2,4,4,1,1,1,2,1,0,0,0,0,1,35,10,4,7,4,1,10,1,1
173,2,"1, 4",1,0,0,1,0,0,2,"1, 2",2,3,5,1,3,3,4,1,3,3,2,1,0,0,0,0,0,24,12,4,5,2,3,12,1,4
174,2,"1, 2, 3, 4, 5",1,1,1,1,1,0,2,"1, 2, 3, 4",4,5,5,5,5,1,1,4,5,5,3,1,1,0,0,,0,28,10,5,5,2,4,10,3,4
175,3,"1, 2, 6",1,1,0,0,0,1,2,"1, 2, 3, 4",4,4,4,1,5,5,4,4,3,4,3,1,0,0,0,,1,47,13,5,1,2,1,13,1,4
176,3,"1, 2, 4, 5, 6",1,1,0,1,1,1,3,"1, 2, 3, 4",4,3,4,1,3,5,4,1,3,2,1,1,0,0,0,0,0,19,13,0,1,1,1,13,1,1
177,2,"3, 4, 5",0,0,1,1,1,0,4,"1, 2",2,4,5,4,5,3,5,3,3,3,1,1,0,0,0,0,1,23,10,4,2,1,1,10,1,1
178,3,"1, 2, 5",1,1,0,0,1,0,1,"1, 2, 3",3,3,1,1,5,1,1,4,4,1,2,1,0,0,0,0,0,21,2,4,4,2,3,2,2,1
179,1,"1, 2, 3, 4, 5, 6",1,1,1,1,1,1,1,4,1,5,5,4,5,4,4,1,4,4,1,1,0,0,0,,0,43,10,4,2,1,1,10,1,1
180,2,"1, 2, 4, 5",1,1,0,1,1,0,3,3,1,4,4,4,4,1,5,1,4,1,1,1,0,0,0,1,0,23,10,4,7,3,3,10,1,1
181,2,1,1,0,0,0,0,0,2,"1, 2, 3, 4",4,5,3,3,4,4,2,3,4,1,1,1,0,0,1,0,0,18,10,3,1,1,1,10,1,4
182,1,5,0,0,0,0,1,0,2,2,1,5,5,5,5,4,5,3,3,3,2,1,0,0,0,0,0,61,9,3,2,1,3,10,1,2
183,3,"1, 2, 3, 4, 5, 6",1,1,1,1,1,1,3,"3, 4",2,3,5,5,3,5,5,2,3,1,2,1,0,0,0,0,0,24,8,4,2,2,3,8,1,1
184,3,"1, 2, 3, 5, 6",1,1,1,0,1,1,3,"1, 2, 3, 4",4,4,5,3,4,5,3,4,4,4,1,1,1,1,0,1,1,21,10,3,1,2,1,10,1,1
185,3,6,0,0,0,0,0,1,1,4,1,4,4,1,4,5,5,3,4,4,1,1,0,1,0,,0,23,10,0,1,1,3,10,1,1
186,2,"1, 2",1,1,0,0,0,0,1,"1, 2",2,3,4,1,3,3,1,1,3,1,2,1,0,0,0,,0,22,7,0,7,1,3,7,2,1
187,3,"1, 2, 4, 6",1,1,0,1,0,1,3,"1, 2, 3, 4",4,3,4,2,5,4,5,3,5,3,2,1,1,0,0,1,0,23,8,4,1,1,1,10,1,1
188,1,"1, 2, 4, 5, 6",1,1,0,1,1,1,1,2,1,4,5,4,5,4,4,4,5,5,1,1,0,0,0,0,0,57,13,6,5,2,1,13,1,1
189,3,"1, 2, 4, 5",1,1,0,1,1,0,2,"1, 2, 3",3,1,2,4,4,3,5,2,4,1,2,1,0,0,0,0,1,17,10,3,1,1,3,10,1,1
190,2,6,0,0,0,0,0,1,2,2,1,3,4,4,5,4,3,3,3,2,1,1,1,1,0,1,0,24,13,5,1,2,1,13,1,1
191,3,"1, 2, 6",1,1,0,0,0,1,2,"2, 4",2,5,5,1,4,5,1,1,3,1,1,1,0,0,1,,1,36,9,4,5,2,3,7,2,3
192,3,"1, 2, 4, 6",1,1,0,1,0,1,2,"2, 3, 4",3,4,5,3,4,5,5,3,3,3,1,1,1,0,0,0,0,20,10,0,1,2,4,10,3,1
193,3,6,0,0,0,0,0,1,3,3,1,4,4,2,4,5,4,1,2,1,1,1,0,0,0,,0,28,10,5,5,2,4,10,,1
194,3,"1, 2, 4, 5, 6",1,1,0,1,1,1,2,"1, 2, 3, 4",4,3,5,4,5,5,5,5,5,1,1,1,1,1,1,1,0,25,8,4,1,1,3,8,1,1
195,3,"1, 2, 4, 5",1,1,0,1,1,0,2,"1, 2, 4",3,4,5,5,5,5,5,5,5,5,1,1,1,1,1,1,0,31,11,4,7,2,4,11,3,1
196,2,"1, 2, 4, 5",1,1,0,1,1,0,4,"2, 3, 4",3,4,4,1,4,4,4,5,5,5,1,1,1,0,0,0,0,27,8,5,5,2,4,8,3,1
197,3,6,0,0,0,0,0,1,2,"2, 3",2,3,1,1,1,5,5,1,3,1,1,1,0,0,0,,1,21,13,0,1,1,1,13,1,1
198,3,1,1,0,0,0,0,0,1,2,1,4,5,4,5,5,5,5,5,3,1,1,0,0,0,0,0,29,10,0,5,2,3,10,1,1
199,3,"1, 2, 4, 5",1,1,0,1,1,0,2,2,1,5,4,1,5,4,3,1,1,1,"4, 2",2,0,0,0,1,0,20,13,4,1,1,1,13,1,1
200,3,"2, 5, 6",0,1,0,0,1,1,3,"2, 3",2,4,5,2,5,5,4,4,3,3,1,1,1,0,0,,0,23,10,4,1,2,1,10,1,1
201,3,"1, 2",1,1,0,0,0,0,2,"2, 3",2,5,5,5,5,5,4,4,5,5,3,1,0,0,0,1,0,39,10,4,5,1,1,10,1,3
202,3,"1, 5",1,0,0,0,1,0,1,"1, 2, 3",3,4,2,1,5,2,1,2,2,1,2,1,0,0,0,0,0,50,7,5,7,5,1,13,1,4
203,3,"2, 4, 5, 6",0,1,0,1,1,1,1,3,1,4,5,3,5,5,5,4,4,4,3,1,1,0,0,0,0,16,2,3,1,1,3,2,2,1
204,3,"1, 2, 4, 5, 6",1,1,0,1,1,1,1,"1, 2, 3",3,5,5,3,5,4,5,5,5,5,"1, 3",2,0,0,0,,0,38,13,4,4,4,1,13,1,1
205,3,1,1,0,0,0,0,0,3,"1, 2, 3",3,4,4,2,4,4,4,1,3,2,2,1,1,1,1,1,0,28,10,4,4,2,1,10,1,1
206,3,"1, 2, 3, 4",1,1,1,1,0,0,2,"1, 3",2,4,5,4,4,5,3,1,5,3,2,1,0,0,0,,1,31,9,4,7,2,4,9,3,2
207,2,"1, 4, 5",1,0,0,1,1,0,1,3,1,5,1,1,1,1,2,1,4,1,2,1,1,0,0,1,1,25,13,3,5,1,3,13,3,4
208,3,"1, 2, 3, 4, 5, 6",1,1,1,1,1,1,2,"1, 2, 3, 4",4,4,5,4,5,5,4,3,4,3,1,1,1,0,0,0,0,23,1,4,7,4,1,10,1,1
209,3,"1, 2, 3, 5",1,1,1,0,1,0,3,"1, 2, 3, 4",4,5,5,4,4,4,4,4,5,4,1,1,1,0,0,,0,24,1,4,5,4,1,13,1,1
210,3,"1, 2, 4, 5",1,1,0,1,1,0,1,3,1,5,5,4,4,4,4,1,1,1,2,1,0,0,0,0,0,40,13,4,2,2,1,13,1,2
211,3,"1, 2, 4, 5, 6",1,1,0,1,1,1,2,"1, 2, 3, 4",4,3,5,1,5,3,3,1,3,1,1,1,0,0,0,,0,28,8,4,5,2,3,3,2,4
212,1,"1, 2",1,1,0,0,0,0,2,2,1,5,5,4,4,5,3,3,4,3,2,1,0,0,0,1,1,50,10,6,5,2,1,10,1,4
213,3,5,0,0,0,0,1,0,3,3,1,4,4,5,5,4,5,1,3,4,2,1,1,0,0,0,0,23,8,4,4,2,1,10,1,1
214,3,"1, 3, 4, 5, 6",1,0,1,1,1,1,4,"2, 3",2,4,1,4,4,4,3,4,4,4,1,1,1,0,0,1,1,16,13,3,1,1,3,13,1,1
215,2,6,0,0,0,0,0,1,2,"2, 3",2,2,4,4,3,5,4,1,2,1,2,1,0,0,0,0,0,23,10,5,1,1,2,10,1,1
216,3,"1, 2, 4, 5, 6",1,1,0,1,1,1,2,"1, 2, 3, 4",4,3,3,2,5,4,5,4,3,3,2,1,0,0,0,0,1,24,10,0,1,1,1,10,1,1
217,2,"1, 5",1,0,0,0,1,0,1,"1, 2",2,5,1,1,4,2,1,2,4,1,1,1,0,0,0,,0,30,10,4,5,2,2,10,3,1
218,3,"1, 2, 4, 5, 6",1,1,0,1,1,1,4,"2, 3, 4",3,3,4,2,3,5,3,1,3,1,1,1,0,0,0,,1,18,7,0,1,1,4,7,4,3
219,3,"1, 2, 3, 4, 5",1,1,1,1,1,0,3,"1, 2, 3, 4",4,4,4,4,5,4,5,4,5,5,1,1,1,0,0,0,1,23,10,4,1,2,3,10,1,4
220,3,6,0,0,0,0,0,1,2,"1, 2, 3",3,4,4,1,4,5,4,4,4,4,1,1,0,1,0,1,0,26,12,4,7,4,3,12,1,1
221,3,"1, 4, 5",1,0,0,1,1,0,0,"2, 3",2,5,2,1,3,4,3,4,2,1,2,1,0,0,0,,0,26,10,5,5,2,1,10,1,1
222,3,"1, 2, 5",1,1,0,0,1,0,2,"1, 2, 4",3,4,4,1,4,5,1,4,3,3,1,1,0,0,0,,0,36,8,4,5,2,3,10,1,1
223,2,"1, 2, 4, 5, 6",1,1,0,1,1,1,3,"1, 2, 3, 4",4,5,5,2,5,4,4,2,4,4,1,1,0,0,0,,0,33,14,4,4,5,1,13,1,1
224,3,6,0,0,0,0,0,1,2,3,1,4,1,1,4,5,4,1,4,4,1,1,0,0,0,0,1,33,9,4,7,5,4,3,4,1
225,3,"1, 2, 3, 4, 5",1,1,1,1,1,0,2,"1, 2, 4",3,4,4,4,5,1,4,5,4,4,"1, 3",2,1,1,0,0,1,36,10,3,7,3,1,10,1,1
226,1,"1, 2, 4, 5",1,1,0,1,1,0,1,"1, 2, 3, 4",4,5,3,1,3,3,2,5,5,5,1,1,1,1,0,0,1,21,1,4,7,2,3,10,1,1
227,2,"1, 5, 6",1,0,0,0,1,1,1,"1, 2, 3, 4",4,5,1,1,1,5,1,3,3,3,2,1,1,0,0,,1,35,13,5,4,5,1,13,1,4
228,2,"1, 2, 5",1,1,0,0,1,0,3,"1, 2, 3",3,3,4,1,4,5,1,1,4,1,1,1,1,0,0,,0,23,10,4,7,2,1,10,,1
229,3,6,0,0,0,0,0,1,2,3,1,2,1,1,4,5,1,1,1,4,1,1,0,0,0,1,1,40,13,4,7,2,1,13,1,4
230,3,6,0,0,0,0,0,1,4,"1, 2, 3, 4",4,3,3,2,4,5,3,3,4,4,1,1,1,0,0,,0,30,10,5,5,2,3,7,2,4
231,2,"1, 2",1,1,0,0,0,0,3,4,1,5,4,4,1,2,2,3,4,1,1,1,1,0,0,,0,21,8,0,1,1,3,8,1,1
232,2,"1, 2, 3, 4, 5, 6",1,1,1,1,1,1,2,"1, 2, 3, 4",4,3,2,4,4,5,4,3,3,3,1,1,1,0,0,,1,28,10,4,4,2,1,10,1,1
233,3,"1, 2, 4, 6",1,1,0,1,0,1,3,"2, 3",2,4,3,1,4,5,5,1,3,3,1,1,1,0,0,,1,21,5,0,4,2,3,5,2,1
234,3,"1, 2, 5, 6",1,1,0,0,1,1,1,"2, 3, 4",3,2,2,1,4,2,4,2,4,1,2,1,0,0,0,,0,23,13,3,1,1,1,13,1,4
235,2,"1, 2, 6",1,1,0,0,0,1,3,"1, 2, 3, 4",4,3,5,1,4,4,4,3,3,4,2,1,1,0,0,,0,22,10,5,1,1,3,10,1,1
236,2,"1, 2, 5, 6",1,1,0,0,1,1,2,2,1,3,5,1,5,5,1,1,1,1,2,1,1,0,0,,0,27,10,5,5,2,1,10,3,1
237,1,"1, 2, 5",1,1,0,0,1,0,1,"2, 3",2,5,5,1,5,2,2,1,4,2,2,1,0,0,0,,0,44,6,5,5,2,1,13,1,1
238,3,"1, 2, 4, 5, 6",1,1,0,1,1,1,4,"2, 3",2,5,5,3,4,4,5,4,4,3,2,1,1,1,1,0,0,22,5,4,1,1,3,1,2,1
239,2,1,1,0,0,0,0,0,2,2,1,2,2,1,5,1,1,2,4,4,1,1,0,0,0,0,0,45,10,5,5,2,3,8,1,1
240,3,6,0,0,0,0,0,1,3,2,1,4,5,1,4,5,5,1,3,1,2,1,0,0,0,,0,24,10,4,3,2,1,10,1,1
241,3,"1, 2, 3, 4, 5, 6",1,1,1,1,1,1,2,"1, 2, 3, 4",4,5,4,4,5,4,4,4,4,3,2,1,1,0,0,0,0,37,13,5,5,2,3,5,2,1
242,1,"1, 4",1,0,0,1,0,0,1,"1, 2, 3, 4",4,4,4,1,5,1,5,4,4,4,1,1,1,0,0,0,1,24,5,4,7,3,3,14,1,1
243,1,"2, 4, 5",0,1,0,1,1,0,2,"1, 2, 3, 4",4,4,4,4,4,4,4,4,4,4,1,1,0,0,0,1,0,25,13,5,4,2,1,13,1,1
244,3,"1, 2, 4, 5, 6",1,1,0,1,1,1,4,"2, 3",2,1,5,1,2,5,4,1,4,1,2,1,0,0,0,0,0,29,13,4,5,2,1,3,2,4
245,2,"1, 2, 3, 4, 5, 6",1,1,1,1,1,1,3,"2, 3, 4",3,5,5,4,5,5,5,5,5,5,1,1,0,0,0,1,0,35,13,4,4,4,1,13,1,1
246,3,4,0,0,0,1,0,0,3,4,1,3,3,3,5,5,4,4,4,4,1,1,1,0,0,,1,34,9,4,5,2,3,11,1,1
247,3,"1, 5, 6",1,0,0,0,1,1,3,4,1,5,5,5,2,5,5,5,5,5,3,1,1,0,0,1,1,25,10,4,5,2,4,10,3,1
248,1,"1, 5, 6",1,0,0,0,1,1,2,"1, 3, 4",3,4,3,3,5,4,4,4,5,4,1,1,1,1,0,1,1,28,10,4,7,2,4,10,3,1
249,3,"1, 2, 4, 6",1,1,0,1,0,1,3,"1, 2, 3, 4",4,1,5,3,4,4,5,4,4,4,1,1,1,0,0,,1,28,10,5,5,2,3,9,1,1
250,3,"1, 6",1,0,0,0,0,1,2,"2, 3, 4",3,3,4,3,3,5,2,2,3,2,1,1,0,0,0,,0,20,10,3,1,1,3,10,1,1
251,3,"1, 2, 6",1,1,0,0,0,1,2,"1, 3",2,4,4,1,4,4,3,4,4,4,3,1,1,1,1,1,0,35,10,5,3,5,4,2,4,1
252,2,"1, 2, 4, 6",1,1,0,1,0,1,4,"1, 2, 3, 4",4,3,3,1,5,5,5,1,3,1,1,1,1,1,0,0,1,38,10,4,7,4,3,10,1,4
253,3,"1, 2, 6",1,1,0,0,0,1,2,"1, 2, 3, 4",4,4,5,1,5,5,1,1,4,1,1,1,1,0,0,,0,24,9,4,4,2,1,10,1,1
254,3,"1, 2, 4, 5, 6",1,1,0,1,1,1,3,"2, 3, 4",3,4,4,4,4,5,4,4,5,5,2,1,0,0,0,0,1,36,8,4,5,2,3,8,2,4
255,3,"1, 2, 4, 5, 6",1,1,0,1,1,1,3,"2, 3, 4",3,3,4,2,4,5,4,2,3,3,1,1,0,0,1,0,1,32,10,5,4,3,1,10,1,1
256,3,"1, 2",1,1,0,0,0,0,2,"1, 2, 3, 4",4,4,4,3,5,5,5,2,5,4,2,1,1,1,0,,0,23,1,4,4,2,3,1,2,1
257,2,"1, 2, 6",1,1,0,0,0,1,3,"1, 2, 4",3,3,3,4,3,5,5,3,1,3,"1, 2",2,0,0,0,1,1,27,10,4,6,2,1,8,1,4
258,3,"1, 2",1,1,0,0,0,0,1,"1, 2, 3, 4",4,4,5,1,3,4,1,1,3,1,2,1,1,0,0,1,0,30,10,4,4,2,2,10,2,1
259,3,"1, 2, 4, 5, 6",1,1,0,1,1,1,2,"1, 2, 3",3,4,5,2,3,3,3,3,3,3,1,1,0,0,0,1,0,50,9,4,5,2,2,10,1,1
260,2,"1, 2, 5, 6",1,1,0,0,1,1,2,"2, 3, 4",3,4,5,3,4,4,4,5,4,4,2,1,1,0,0,0,0,45,7,5,5,2,1,13,4,3
261,2,"1, 2, 3, 4, 5",1,1,1,1,1,0,2,2,1,5,5,5,4,1,4,4,5,5,1,1,1,1,0,1,0,43,8,4,5,2,4,8,3,1
262,3,"1, 2",1,1,0,0,0,0,3,"1, 2, 3, 4",4,3,5,3,5,3,3,3,5,1,1,1,0,0,0,0,0,19,2,0,1,1,3,2,2,4
263,2,"2, 5, 6",0,1,0,0,1,1,4,"2, 3, 4",3,2,5,3,2,4,4,3,2,3,1,1,1,0,1,0,0,56,7,4,4,2,1,10,1,3
264,1,"1, 2, 5",1,1,0,0,1,0,2,"2, 4",2,5,5,1,5,2,4,5,5,4,2,1,1,0,0,1,0,58,8,6,5,2,1,10,1,1
265,2,"1, 2, 5",1,1,0,0,1,0,4,"2, 3",2,1,4,2,5,3,2,1,5,1,2,1,0,0,0,0,1,22,9,4,1,1,3,9,1,1
266,2,"1, 4, 5, 6",1,0,0,1,1,1,4,"2, 3, 4",3,5,3,3,5,5,5,4,4,4,3,1,1,0,0,0,1,46,13,4,5,3,3,10,1,1
267,3,6,0,0,0,0,0,1,1,1,1,3,4,1,4,4,5,4,4,2,2,1,0,0,0,1,0,26,13,4,5,2,2,13,3,2
268,3,"1, 2, 4, 5, 6",1,1,0,1,1,1,1,"1, 2, 3, 4",4,3,4,2,4,4,4,3,4,3,2,1,1,0,0,,1,20,12,0,1,1,1,13,1,1
269,3,"1, 4, 5",1,0,0,1,1,0,1,"1, 2, 4",3,2,3,1,5,1,1,1,5,1,1,1,1,1,1,0,1,24,11,4,7,2,3,11,2,1
270,3,3,0,0,1,0,0,0,2,2,1,4,5,5,4,4,4,5,4,4,2,1,0,0,0,1,1,45,10,6,5,2,1,7,1,1
271,3,"1, 2, 4, 6",1,1,0,1,0,1,3,"1, 2, 3, 4",4,4,5,1,4,5,5,4,4,4,1,1,1,0,0,,0,35,10,5,5,2,1,13,1,1
272,2,"1, 2, 5, 6",1,1,0,0,1,1,3,"1, 2, 3, 4",4,4,5,1,4,5,5,4,4,4,1,1,1,0,0,1,0,27,10,4,4,2,3,10,1,1
273,3,"1, 2, 3, 4, 6",1,1,1,1,0,1,3,"2, 3, 4",3,5,5,4,5,5,4,4,4,5,3,1,1,1,0,1,0,25,9,4,5,2,4,9,3,1
274,1,"1, 2",1,1,0,0,0,0,2,1,1,3,3,3,3,3,3,3,4,4,2,1,0,0,0,0,1,38,10,5,7,5,1,10,1,4
275,2,"5, 6",0,0,0,0,1,1,4,"1, 2",2,3,3,4,4,2,2,2,3,3,1,1,0,0,0,0,0,40,7,5,5,2,3,7,2,3
276,2,"1, 4, 5, 6",1,0,0,1,1,1,4,"2, 3, 4",3,5,5,4,5,2,3,1,5,1,2,1,1,0,0,0,1,19,10,3,1,1,1,10,1,4
277,3,6,0,0,0,0,0,1,3,"3, 4",2,4,4,5,4,5,5,3,1,1,2,1,0,0,0,0,0,23,8,5,1,1,3,8,1,1
278,2,"1, 5",1,0,0,0,1,0,4,"1, 2, 3, 4",4,5,4,3,5,4,2,2,3,2,1,1,1,0,0,,1,40,6,4,4,4,1,13,1,4
279,2,"1, 2, 6",1,1,0,0,0,1,3,"1, 2, 4",3,4,5,3,4,5,3,1,3,1,1,1,1,0,0,,1,30,8,5,6,2,3,10,1,4
280,2,"1, 2, 4, 5",1,1,0,1,1,0,2,"1, 2, 3",3,3,3,3,2,4,4,2,2,2,2,1,0,0,0,,0,32,14,4,4,5,1,13,1,1
281,3,1,1,0,0,0,0,0,3,"1, 2, 3, 4",4,5,4,4,5,4,4,3,5,5,3,1,1,1,0,1,1,30,10,5,5,2,1,10,1,1
282,3,"1, 2, 3, 5, 6",1,1,1,0,1,1,3,"1, 2, 3, 4",4,5,5,5,4,2,2,3,4,2,"1, 2",2,1,0,0,,1,24,10,4,7,1,1,10,1,1
283,2,"1, 5",1,0,0,0,1,0,2,"1, 2, 3, 4",4,3,4,1,3,2,3,5,4,1,1,1,0,0,0,0,0,16,5,3,1,1,2,10,1,2
284,3,2,0,1,0,0,0,0,2,3,1,4,5,4,4,4,4,4,4,4,2,1,0,0,0,1,1,45,10,6,5,2,1,7,1,1
285,2,"1, 2, 4, 5",1,1,0,1,1,0,2,"1, 2, 4",3,4,4,1,5,1,1,4,5,3,2,1,1,0,0,0,0,42,2,4,5,2,3,2,2,4
286,3,"1, 5",1,0,0,0,1,0,2,"1, 2, 3, 4",4,5,4,1,5,4,1,1,1,1,2,1,1,0,0,0,0,25,9,5,7,2,1,9,1,4
287,2,6,0,0,0,0,0,1,3,2,1,3,4,2,4,5,4,3,4,2,1,1,0,0,0,1,0,24,10,4,5,2,3,10,1,1
288,3,"1, 2, 4, 5, 6",1,1,0,1,1,1,2,"1, 2, 3, 4",4,5,4,2,4,4,2,4,4,4,1,1,1,0,0,1,1,27,10,4,7,2,1,10,1,1
289,2,"1, 2, 5",1,1,0,0,1,0,4,"1, 2, 3, 4",4,5,5,5,4,4,4,5,5,5,"3, 4, 2",3,1,1,1,1,1,30,5,4,7,2,3,5,2,3
290,3,"1, 6",1,0,0,0,0,1,3,"2, 3",2,3,3,2,5,4,4,3,4,4,1,1,1,0,0,,0,23,13,4,1,1,3,13,1,1
291,1,1,1,0,0,0,0,0,1,2,1,3,2,1,5,1,5,3,4,1,2,1,0,0,0,,1,37,7,5,7,2,1,7,1,4
292,2,"1, 2, 5",1,1,0,0,1,0,1,"1, 3, 4",3,5,4,2,5,2,1,3,4,4,1,1,1,0,0,,0,60,10,4,7,5,1,10,1,1
293,3,"1, 2, 4, 5, 6",1,1,0,1,1,1,2,"1, 2, 3, 4",4,3,4,1,3,3,3,3,1,1,1,1,1,0,0,0,0,37,2,5,5,2,1,13,1,1
294,2,"1, 2, 4",1,1,0,1,0,0,4,"1, 2, 3",3,4,4,1,4,4,4,3,3,4,1,1,1,0,0,0,0,30,9,6,5,4,5,9,,1
295,3,"1, 6",1,0,0,0,0,1,2,"2, 3",2,2,2,1,1,5,3,1,1,1,1,1,0,0,0,,1,24,10,4,1,1,1,10,1,4
296,2,2,0,1,0,0,0,0,2,2,1,4,5,4,5,4,4,3,4,4,1,1,1,0,0,0,0,27,8,5,7,2,4,8,3,1
297,3,1,1,0,0,0,0,0,1,"2, 3",2,5,3,3,5,4,2,5,5,4,3,1,0,0,0,,1,34,14,4,1,1,1,13,1,4
298,3,"1, 2, 5, 6",1,1,0,0,1,1,3,"2, 3",2,4,4,1,3,4,2,1,1,1,2,1,1,0,0,0,0,24,9,5,4,2,3,9,1,1
299,2,"1, 2, 4, 5",1,1,0,1,1,0,2,"2, 3, 4",3,5,5,2,5,2,3,4,4,4,1,1,1,0,0,0,0,52,1,6,5,2,1,10,1,1
300,3,"4, 6",0,0,0,1,0,1,3,"3, 4",2,4,4,4,5,5,5,4,4,4,1,1,0,0,0,1,0,23,3,5,1,2,3,3,2,1
301,2,"2, 6",0,1,0,0,0,1,1,"2, 3, 4",3,4,5,1,4,4,1,4,4,1,2,1,0,0,0,0,0,42,10,4,5,2,4,10,3,1
302,3,"4, 5, 6",0,0,0,1,1,1,2,"1, 2",2,3,4,2,2,5,5,4,1,1,2,1,0,0,0,,0,30,13,5,4,3,1,13,1,1
303,3,6,0,0,0,0,0,1,3,3,1,4,5,4,4,5,4,3,4,3,1,1,1,0,0,0,1,20,1,0,1,1,3,1,2,1
304,3,"1, 2",1,1,0,0,0,0,1,"2, 4",2,5,5,3,4,1,1,4,3,3,2,1,1,0,0,,0,30,1,5,4,4,1,13,1,4
305,2,"1, 2, 4",1,1,0,1,0,0,1,"2, 3",2,5,5,1,5,5,5,5,5,4,1,1,0,0,0,1,1,20,8,4,1,1,4,8,3,4
306,2,"1, 2, 5, 6",1,1,0,0,1,1,2,"1, 2, 3",3,4,4,3,5,5,3,3,5,4,1,1,1,0,0,,0,21,10,4,1,1,3,10,1,4
307,3,"1, 2, 3, 4, 5",1,1,1,1,1,0,3,"1, 2, 3",3,5,4,4,5,4,4,5,4,4,2,1,0,0,0,,0,30,10,4,4,2,1,10,1,1
308,1,2,0,1,0,0,0,0,1,"2, 4",2,3,5,1,1,1,1,1,1,1,1,1,1,0,0,,0,21,10,0,1,1,1,10,1,1
309,3,4,0,0,0,1,0,0,3,2,1,5,5,5,5,5,5,4,5,5,3,1,0,0,0,1,0,27,10,5,5,2,1,10,1,2
310,3,"1, 2, 5",1,1,0,0,1,0,2,"2, 3",2,3,5,3,3,2,3,2,4,2,2,1,1,0,0,0,1,24,7,4,5,2,1,13,1,1
311,2,"1, 2, 5, 6",1,1,0,0,1,1,2,"1, 2, 4",3,3,4,1,5,4,3,1,4,4,1,1,0,0,0,1,0,29,10,4,5,2,1,10,1,1
312,2,"1, 2, 6",1,1,0,0,0,1,3,"1, 2, 3",3,5,5,3,3,4,2,2,3,1,1,1,1,0,0,0,1,31,13,4,1,2,5,15,1,1
313,2,"4, 5",0,0,0,1,1,0,1,3,1,3,1,1,1,3,2,5,4,1,1,1,0,0,0,0,1,17,1,3,1,1,1,13,1,1
314,3,"1, 4",1,0,0,1,0,0,1,"2, 3, 4",3,1,2,1,1,2,2,1,1,1,2,1,1,0,0,0,1,28,10,4,4,2,1,10,1,1
315,2,"1, 2",1,1,0,0,0,0,2,3,1,4,5,4,4,4,4,1,1,1,2,1,0,0,0,0,1,40,9,5,5,2,1,13,4,4
316,2,6,0,0,0,0,0,1,1,2,1,5,5,4,4,4,5,4,4,1,2,1,0,0,0,0,1,21,7,0,1,1,4,7,1,1
317,1,"1, 2, 4",1,1,0,1,0,0,1,"2, 3, 4",3,5,4,1,4,4,4,4,3,3,2,1,0,0,0,,1,37,10,4,5,2,3,10,1,1
318,2,"1, 2, 5",1,1,0,0,1,0,2,"2, 3",2,5,4,2,3,4,3,4,4,4,1,1,1,0,0,0,1,18,10,0,1,1,3,10,1,1
319,3,"2, 3, 4",0,1,1,1,0,0,4,"1, 2, 3",3,4,5,5,5,5,5,5,5,5,1,1,0,0,0,1,0,23,1,4,4,2,1,10,1,2
320,2,"1, 2, 3, 4, 5",1,1,1,1,1,0,4,"1, 2, 3",3,5,5,4,5,1,5,5,5,5,3,1,0,0,0,,0,22,9,0,4,2,1,9,1,1
321,2,"4, 6",0,0,0,1,0,1,4,"1, 2, 3, 4",4,5,5,3,4,5,5,2,4,4,2,1,1,1,0,,1,35,10,5,5,2,1,10,1,1
322,3,6,0,0,0,0,0,1,2,3,1,3,4,4,4,4,4,3,4,1,2,1,0,0,0,0,0,23,1,4,4,2,1,10,1,1
323,2,5,0,0,0,0,1,0,1,3,1,2,1,1,5,5,1,2,4,3,1,1,1,0,0,0,0,24,10,4,5,2,1,13,1,4
324,2,"1, 2, 4, 5, 6",1,1,0,1,1,1,4,"1, 2, 3, 4",4,5,5,4,4,4,4,4,4,4,1,1,1,0,0,1,0,22,7,0,1,1,2,7,3,2
325,3,5,0,0,0,0,1,0,2,1,1,3,4,2,5,4,2,1,3,2,"1, 2",2,1,0,0,0,1,20,10,4,1,2,4,10,3,1
326,3,"1, 2, 4, 5, 6",1,1,0,1,1,1,2,"1, 2, 3, 4",4,4,4,3,4,5,4,4,4,4,3,1,1,0,0,1,1,32,1,4,4,3,3,1,2,3
327,3,2,0,1,0,0,0,0,1,2,1,4,5,4,4,4,5,3,4,4,2,1,0,0,0,1,0,22,10,4,1,1,1,10,1,1
328,2,"1, 2, 5",1,1,0,0,1,0,1,"2, 3",2,4,4,1,5,5,1,4,3,1,1,1,1,0,0,1,0,53,13,6,5,2,1,13,1,1
329,3,"2, 4",0,1,0,1,0,0,3,"1, 2, 3",3,4,5,3,4,5,5,3,4,1,1,1,1,0,0,0,1,22,11,4,4,2,1,13,1,1
330,2,"1, 2, 3, 4, 5, 6",1,1,1,1,1,1,3,"1, 2, 3, 4",4,5,5,1,5,5,5,5,5,3,1,1,0,0,0,1,0,24,10,4,7,2,3,10,1,1
331,3,"1, 2, 5, 6",1,1,0,0,1,1,3,"1, 2, 3, 4",4,3,5,3,5,5,3,2,3,1,2,1,0,0,0,,0,27,10,5,4,3,1,13,1,1
332,3,"1, 5",1,0,0,0,1,0,3,"2, 3, 4",3,4,4,4,4,4,2,3,5,4,1,1,1,0,0,0,1,25,10,0,1,2,1,10,1,1
333,3,"1, 5, 6",1,0,0,0,1,1,2,"2, 3",2,4,4,4,5,4,4,4,5,4,1,1,1,0,0,1,0,28,9,5,5,2,4,9,3,1
334,3,4,0,0,0,1,0,0,3,"1, 2, 3, 4",4,2,3,3,3,4,5,3,4,2,2,1,1,0,0,,0,29,7,4,4,2,1,10,1,4
335,2,"1, 2, 3, 4, 5",1,1,1,1,1,0,3,"2, 3, 4",3,3,3,3,3,1,1,3,4,3,1,1,1,0,0,,0,39,10,4,7,3,4,10,3,1
336,2,"1, 2, 6",1,1,0,0,0,1,3,"1, 3",2,4,5,3,3,4,3,2,5,1,1,1,1,0,0,0,1,29,8,4,5,2,3,7,1,2
337,3,"2, 4, 5",0,1,0,1,1,0,2,"2, 3, 4",3,5,5,4,5,5,5,5,4,4,1,1,1,1,0,,0,21,7,0,1,1,4,7,4,1
338,3,"1, 2, 5, 6",1,1,0,0,1,1,4,"2, 3",2,5,5,4,5,4,3,3,3,4,1,1,1,0,0,1,0,26,11,4,7,3,3,11,1,1
339,2,5,0,0,0,0,1,0,2,1,1,4,5,4,5,5,4,3,4,4,2,1,1,0,0,,0,29,10,4,4,2,1,10,1,1
340,3,"1, 2, 3, 5",1,1,1,0,1,0,3,"1, 2",2,3,4,4,4,3,2,5,3,5,"3, 4",2,1,0,0,0,1,25,10,4,6,3,3,10,1,4
341,3,5,0,0,0,0,1,0,1,2,1,5,1,1,5,1,1,1,5,5,3,1,1,0,0,1,1,37,7,4,7,5,3,7,2,1
342,3,5,0,0,0,0,1,0,2,1,1,2,5,3,5,4,5,1,4,1,2,1,1,0,0,1,1,24,10,4,2,1,4,10,3,1
343,3,"1, 2, 3, 4, 5, 6",1,1,1,1,1,1,4,"1, 2, 3, 4",4,5,5,5,5,5,5,5,5,5,"3, 4",2,1,0,0,0,1,30,10,4,5,2,1,10,1,1
344,3,"1, 2, 6",1,1,0,0,0,1,2,"1, 2, 3, 4",4,5,5,3,5,4,4,3,5,4,1,1,1,0,0,0,1,22,1,4,1,1,1,10,1,1
345,3,"2, 4, 6",0,1,0,1,0,1,4,"2, 4",2,1,3,1,1,4,5,3,2,3,1,1,1,0,1,0,0,24,8,4,1,1,4,8,3,1
346,2,"1, 2, 4, 5, 6",1,1,0,1,1,1,4,"1, 3",2,3,4,4,3,5,4,4,2,1,1,1,1,0,0,,0,35,10,5,4,3,1,13,1,4
347,2,1,1,0,0,0,0,0,1,4,1,5,5,3,4,5,3,3,4,3,2,1,1,0,0,,0,27,10,4,4,2,3,10,1,1
348,3,"1, 2, 3, 4, 6",1,1,1,1,0,1,3,"2, 3, 4",3,4,4,4,4,4,3,2,4,4,1,1,1,0,0,,1,25,9,4,4,2,1,10,1,4
349,2,1,1,0,0,0,0,0,2,3,1,4,5,2,1,2,2,1,4,4,2,1,0,0,0,0,0,25,9,4,5,2,3,7,2,1
350,3,"1, 2, 4, 5, 6",1,1,0,1,1,1,3,"1, 2, 3, 4",4,5,5,1,5,5,4,2,4,4,1,1,0,1,1,1,0,23,8,4,1,1,4,8,3,1
351,2,"1, 2, 3, 4, 5, 6",1,1,1,1,1,1,2,"1, 2, 3, 4",4,5,3,3,3,3,3,2,3,1,2,1,0,0,0,0,1,29,10,4,4,2,1,10,3,4
352,2,"1, 2, 4",1,1,0,1,0,0,2,"2, 3, 4",3,5,5,3,5,4,5,5,5,5,1,1,1,0,0,,1,24,9,3,1,1,3,9,1,1
353,2,"1, 2, 4, 5",1,1,0,1,1,0,3,"2, 4",2,5,5,4,5,4,5,5,5,4,1,1,1,1,1,1,0,23,8,4,1,1,4,8,3,1
354,3,"1, 5",1,0,0,0,1,0,3,"1, 2, 4",3,2,1,1,3,2,2,4,4,3,2,1,1,0,0,0,1,20,9,0,1,1,3,9,1,1
355,2,"1, 2, 5, 6",1,1,0,0,1,1,1,"1, 2, 3, 4",4,3,3,3,4,3,1,5,4,1,2,1,0,0,0,,1,29,10,0,2,1,4,10,3,1
356,2,"2, 5",0,1,0,0,1,0,2,2,1,5,5,2,2,2,3,2,5,5,1,1,0,0,0,0,0,28,10,4,5,2,3,7,2,1
357,3,"1, 5",1,0,0,0,1,0,1,"1, 2, 3",3,3,4,1,2,2,2,1,3,1,2,1,0,0,0,,0,23,13,4,7,2,1,13,1,4
358,2,"1, 2, 4, 5, 6",1,1,0,1,1,1,3,"1, 2, 3, 4",4,4,5,3,4,4,3,3,4,4,1,1,1,0,1,0,1,29,9,4,5,2,3,7,2,1
359,1,5,0,0,0,0,1,0,2,2,1,5,4,3,5,4,4,4,5,4,2,1,1,1,1,1,0,17,8,3,1,1,4,8,3,1
360,2,"1, 4, 5",1,0,0,1,1,0,2,"1, 2, 3, 4",4,3,3,3,5,3,2,3,5,3,1,1,1,0,0,,0,42,10,4,5,2,3,7,1,1
361,2,"1, 2, 6",1,1,0,0,0,1,2,"1, 2, 3, 4",4,4,4,3,5,5,3,4,4,4,1,1,0,0,0,1,1,27,10,5,5,2,2,10,1,1
362,1,5,0,0,0,0,1,0,2,2,1,5,4,3,4,4,4,4,5,4,1,1,1,1,1,1,0,17,8,3,1,1,4,8,3,1
363,3,1,1,0,0,0,0,0,2,"1, 3",2,3,3,1,4,1,1,1,4,2,2,1,0,0,0,1,0,23,7,4,5,2,3,7,2,4
364,2,"1, 5",1,0,0,0,1,0,3,"2, 4",2,4,3,1,4,3,1,1,4,1,1,1,1,0,0,0,1,21,10,4,4,2,1,10,1,1
365,3,2,0,1,0,0,0,0,2,2,1,5,3,3,4,4,4,3,3,3,1,1,0,0,0,1,0,18,8,0,1,1,4,8,3,1
366,2,"1, 2",1,1,0,0,0,0,2,"1, 3, 4",3,3,5,3,1,3,3,3,2,3,2,1,0,0,0,0,0,29,10,4,7,2,1,10,1,4
367,2,2,0,1,0,0,0,0,2,1,1,3,3,2,5,2,3,2,3,2,2,1,1,0,0,0,0,29,10,4,7,2,1,10,1,1
368,1,"1, 2, 4, 5",1,1,0,1,1,0,2,"2, 3, 4",3,5,5,4,5,4,5,4,4,4,1,1,1,0,0,0,0,23,10,4,1,1,1,10,1,1
369,2,"1, 2, 5",1,1,0,0,1,0,3,"1, 2, 3, 4",4,5,5,5,5,5,5,5,5,3,1,1,1,1,1,1,1,27,13,4,5,2,3,7,2,4
370,2,"1, 2, 5",1,1,0,0,1,0,4,"2, 3",2,3,5,1,4,2,2,1,3,3,2,1,0,1,1,1,0,21,9,4,1,1,4,9,3,1
371,2,"1, 2, 3, 4, 5",1,1,1,1,1,0,1,"1, 2, 3, 4",4,5,5,2,5,2,5,4,3,2,1,1,0,0,0,,0,17,8,3,1,1,1,8,3,1
372,2,"1, 4, 5",1,0,0,1,1,0,2,"1, 2, 3, 4",4,5,1,1,1,2,2,4,1,5,1,1,0,0,0,,0,28,10,5,7,1,1,10,1,1
373,3,6,0,0,0,0,0,1,1,2,1,5,5,1,5,3,3,5,5,3,2,1,1,0,0,1,0,23,7,4,1,1,3,7,2,1
374,2,"1, 2, 5",1,1,0,0,1,0,2,"2, 3",2,5,5,3,5,4,4,4,4,2,2,1,1,0,0,1,0,33,13,5,5,2,1,13,1,1
375,3,"1, 2, 5, 6",1,1,0,0,1,1,3,3,1,4,5,2,4,5,2,1,4,2,2,1,0,0,0,,0,28,10,4,4,3,1,13,1,1
376,2,"1, 2, 5",1,1,0,0,1,0,2,"2, 4",2,4,4,1,4,1,1,1,1,1,2,1,0,0,0,,0,29,10,5,5,2,4,10,3,1
377,3,"1, 3, 5, 6",1,0,1,0,1,1,3,"1, 2",2,5,4,4,5,4,3,2,5,5,1,1,1,0,0,1,0,28,7,4,5,2,3,7,2,1
378,3,"1, 2, 5, 6",1,1,0,0,1,1,3,"1, 2, 3, 4",4,5,5,3,5,5,1,4,5,5,1,1,1,1,0,,1,40,8,6,5,2,1,13,1,1
379,3,2,0,1,0,0,0,0,1,1,1,3,5,1,3,3,1,1,3,1,2,1,0,0,0,,0,26,7,4,3,1,3,7,2,1
380,2,"1, 2, 5",1,1,0,0,1,0,3,"2, 3",2,4,5,3,4,2,4,3,3,3,2,1,0,0,0,,0,23,8,4,5,2,3,8,3,1
381,2,"1, 2",1,1,0,0,0,0,1,2,1,5,5,1,5,4,4,3,4,3,1,1,1,0,0,0,0,33,8,4,5,2,4,8,3,1
382,3,"2, 6",0,1,0,0,0,1,1,2,1,5,5,5,5,4,4,3,5,5,2,1,0,0,0,1,1,35,8,5,7,4,4,8,3,1
383,3,"1, 2, 4, 6",1,1,0,1,0,1,2,"1, 2, 3, 4",4,4,3,1,3,5,4,3,4,3,1,1,1,0,0,1,0,28,10,4,5,2,1,10,1,1
384,3,"1, 2, 3, 4, 5, 6",1,1,1,1,1,1,2,"1, 2, 3, 4",4,5,5,5,5,5,5,5,5,5,1,1,1,0,0,1,1,28,10,4,4,3,1,10,1,1
385,2,"1, 2, 5, 6",1,1,0,0,1,1,3,2,1,5,4,1,4,4,3,3,3,1,1,1,1,0,0,1,0,28,8,5,5,2,3,8,1,1
386,3,"1, 2",1,1,0,0,0,0,1,4,1,5,5,3,5,3,3,4,4,4,1,1,1,0,0,1,0,38,7,4,4,2,1,7,1,4
387,2,"1, 2, 4, 5, 6",1,1,0,1,1,1,3,"1, 2",2,5,5,4,5,5,4,5,5,4,3,1,1,0,0,,0,35,14,4,3,4,1,13,1,1
388,2,"1, 2, 5",1,1,0,0,1,0,3,2,1,3,4,3,4,2,3,3,3,3,2,1,1,0,0,0,0,40,8,6,5,2,3,8,1,1
389,2,"1, 2, 4",1,1,0,1,0,0,3,"1, 2, 3, 4",4,5,5,5,4,4,5,5,4,4,3,1,1,0,0,,1,28,10,4,5,2,2,10,,4
390,2,"1, 2, 3, 4, 5, 6",1,1,1,1,1,1,2,"1, 2, 4",3,5,5,1,5,5,4,5,5,4,3,1,1,0,0,1,1,32,10,4,5,2,3,8,1,1
391,3,"5, 6",0,0,0,0,1,1,3,"1, 2, 3",3,4,4,4,4,4,4,3,5,4,3,1,1,0,1,1,0,23,9,4,1,1,4,9,3,1
392,2,2,0,1,0,0,0,0,2,3,1,3,5,2,2,2,4,2,1,1,2,1,0,0,0,0,0,24,13,4,7,2,3,7,2,2
393,3,4,0,0,0,1,0,0,1,3,1,5,3,3,5,5,3,3,4,3,2,1,0,0,1,1,0,19,8,0,1,1,4,8,3,1
394,2,1,1,0,0,0,0,0,4,1,1,5,5,4,5,4,4,4,5,4,2,1,0,0,0,1,1,43,9,3,7,2,1,9,1,1
395,2,"1, 6",1,0,0,0,0,1,1,"3, 4",2,4,4,3,4,5,4,1,4,3,1,1,1,0,0,0,0,49,10,4,7,1,1,10,1,1
396,2,"1, 2",1,1,0,0,0,0,1,"1, 4",2,4,4,3,4,5,4,4,3,3,1,1,0,0,0,0,0,27,10,4,4,2,1,10,1,1
397,3,"1, 2, 4, 5",1,1,0,1,1,0,2,"1, 2, 4",3,4,4,1,4,1,4,1,4,3,2,1,1,0,0,1,0,26,11,4,5,2,3,7,2,1
398,2,"1, 2",1,1,0,0,0,0,2,"2, 4",2,4,4,3,4,5,4,4,3,3,1,1,0,0,0,0,0,24,10,0,1,1,1,10,1,1
399,2,"2, 6",0,1,0,0,0,1,3,"2, 3, 4",3,3,3,4,4,4,3,3,3,1,2,1,1,0,0,0,0,21,9,0,1,1,3,9,2,1
400,2,"1, 2, 5, 6",1,1,0,0,1,1,1,"1, 3",2,3,5,2,3,5,3,1,3,1,2,1,0,0,0,,0,30,10,4,4,3,1,10,1,1
401,2,"1, 2, 4, 5, 6",1,1,0,1,1,1,2,"2, 3, 4",3,5,5,4,5,4,4,4,4,4,3,1,0,0,0,1,0,21,10,4,4,2,1,10,1,1
402,1,"1, 2, 3, 5",1,1,1,0,1,0,1,"1, 2, 3, 4",4,4,4,4,5,1,1,1,4,1,1,1,0,0,0,,1,42,10,4,5,2,1,7,2,4
403,2,"1, 2, 6",1,1,0,0,0,1,2,2,1,4,4,4,4,4,2,2,2,2,2,1,0,0,0,0,0,24,7,4,4,3,3,7,4,1
404,3,5,0,0,0,0,1,0,3,3,1,4,4,4,3,3,3,3,4,3,2,1,1,0,1,1,1,21,7,0,1,1,1,7,4,3
405,2,6,0,0,0,0,0,1,4,"2, 3",2,5,5,1,5,5,1,4,5,5,1,1,1,0,0,0,0,23,10,5,1,1,1,10,1,1
406,3,"2, 6",0,1,0,0,0,1,4,"1, 3",2,4,5,3,5,4,5,5,4,3,2,1,0,0,0,1,0,21,10,4,7,1,1,10,1,1
407,3,"1, 2, 5",1,1,0,0,1,0,2,"2, 3, 4",3,4,4,4,4,4,4,2,3,2,1,1,0,0,0,,0,23,10,4,1,1,1,10,1,1
408,2,"1, 2, 4, 5, 6",1,1,0,1,1,1,3,"1, 2, 3, 4",4,3,3,3,4,4,4,3,4,3,"1, 4",2,1,0,0,1,0,26,10,5,5,2,4,10,3,1
409,2,"1, 2, 6",1,1,0,0,0,1,2,"1, 2, 3, 4",4,4,5,1,4,3,4,3,4,1,1,1,1,0,0,1,0,27,10,5,4,4,1,10,1,1
410,2,"1, 5",1,0,0,0,1,0,1,4,1,4,4,1,5,1,1,4,5,4,3,1,1,1,0,,0,38,11,4,5,2,1,10,1,1
411,3,"1, 2, 4, 5, 6",1,1,0,1,1,1,3,"1, 2, 3, 4",4,5,4,1,5,5,4,3,2,5,4,1,1,0,0,0,0,35,4,6,5,2,3,9,1,4
412,3,"1, 2, 5",1,1,0,0,1,0,3,"1, 2, 3, 4",4,5,5,3,5,1,3,2,5,5,1,1,1,0,0,1,0,25,7,4,5,2,3,7,2,1
413,2,"1, 5",1,0,0,0,1,0,1,"1, 2",2,5,5,5,5,4,2,3,4,3,3,1,1,0,0,0,0,28,9,5,5,2,4,7,2,2
414,2,"1, 2, 5",1,1,0,0,1,0,2,"1, 2, 4",3,3,4,2,5,3,2,3,3,3,1,1,0,0,0,0,0,33,9,4,5,2,3,8,1,1
415,1,"1, 2, 5",1,1,0,0,1,0,2,"1, 2, 3, 4",4,5,4,3,5,3,2,3,3,2,1,1,0,0,0,,1,61,13,5,4,2,1,13,1,1
416,3,"1, 2, 5",1,1,0,0,1,0,3,"1, 4",2,4,4,1,5,3,4,4,5,4,3,1,1,0,0,,0,29,10,4,7,3,3,10,1,4
417,2,"1, 5",1,0,0,0,1,0,2,2,1,5,4,4,5,3,4,3,4,3,1,1,1,1,0,1,0,25,9,5,1,2,4,9,3,1
418,1,"1, 2",1,1,0,0,0,0,2,"2, 4",2,1,4,3,3,4,4,4,3,3,2,1,0,0,0,,0,35,8,4,5,2,3,8,1,1
419,2,"1, 5",1,0,0,0,1,0,2,"1, 2, 3",3,5,5,5,5,3,4,4,4,3,3,1,0,0,0,1,0,29,1,4,4,2,1,13,1,1
420,1,2,0,1,0,0,0,0,2,"2, 3, 4",3,4,4,1,4,3,2,2,3,4,2,1,1,0,0,1,0,46,7,5,5,2,1,7,1,1
421,2,1,1,0,0,0,0,0,2,4,1,4,4,4,4,3,4,4,3,1,2,1,0,0,0,0,1,29,10,4,4,3,2,10,1,1
422,2,6,0,0,0,0,0,1,2,"1, 4",2,3,4,2,5,5,4,1,3,1,2,1,0,0,0,0,0,26,7,4,5,2,3,7,2,1
423,2,6,0,0,0,0,0,1,1,1,1,4,4,1,3,4,4,3,3,1,2,1,0,0,0,0,1,27,14,4,5,2,3,14,1,1
424,3,2,0,1,0,0,0,0,3,2,1,5,5,5,4,4,2,4,4,3,1,1,0,0,0,0,0,28,8,4,4,4,5,15,1,1
425,1,2,0,1,0,0,0,0,2,2,1,1,5,1,1,1,1,1,1,1,2,1,0,0,0,0,0,45,10,4,5,2,1,10,1,4
426,3,"1, 2, 4, 5, 6",1,1,0,1,1,1,2,"1, 2, 3, 4",4,3,2,2,5,4,4,4,5,5,3,1,1,0,0,1,0,28,10,4,5,2,3,10,3,2
427,2,"1, 5, 6",1,0,0,0,1,1,2,"3, 4",2,3,4,1,5,4,1,4,3,1,1,1,1,0,0,0,1,23,9,4,4,2,1,10,3,4
428,2,"1, 2",1,1,0,0,0,0,2,1,1,5,5,5,5,4,4,4,5,5,3,1,0,0,0,1,0,50,8,4,7,3,4,8,3,3
429,2,"1, 2, 5, 6",1,1,0,0,1,1,2,"1, 2, 3, 4",4,4,4,2,5,5,4,5,5,5,4,1,1,1,1,1,1,29,4,4,4,2,3,4,2,3
430,2,"1, 4, 5",1,0,0,1,1,0,1,"1, 2, 3, 4",4,5,3,1,3,4,3,3,4,5,1,1,1,0,0,0,0,30,10,4,4,2,1,10,1,1
431,3,5,0,0,0,0,1,0,3,2,1,3,3,4,3,3,3,3,5,3,2,1,1,0,0,,0,29,8,5,3,1,1,13,1,1
432,2,"1, 2, 5",1,1,0,0,1,0,1,"2, 3",2,4,5,2,3,1,3,1,1,1,2,1,1,0,0,0,0,39,9,5,5,2,3,9,1,1
433,3,5,0,0,0,0,1,0,2,1,1,5,4,3,5,2,5,3,5,5,1,1,1,1,0,0,0,23,10,4,7,2,1,10,1,4
434,2,2,0,1,0,0,0,0,4,1,1,5,5,5,5,4,4,5,4,4,2,1,0,0,0,1,0,33,8,4,5,2,3,8,1,1
435,2,"1, 2, 4, 5",1,1,0,1,1,0,1,2,1,5,3,1,5,3,4,4,5,4,1,1,1,0,0,,1,40,1,4,7,2,3,1,2,4
436,2,"1, 2, 5, 6",1,1,0,0,1,1,3,"1, 2, 3, 4",4,5,5,1,5,5,5,5,5,4,1,1,1,0,0,,0,27,10,5,5,2,1,10,1,1
437,3,"1, 2, 4, 5",1,1,0,1,1,0,1,"1, 2, 3",3,4,4,4,4,3,3,2,3,3,1,1,0,0,0,,0,28,8,4,3,1,1,13,1,1
438,2,"1, 2, 4",1,1,0,1,0,0,3,1,1,4,3,2,3,2,2,3,3,3,2,1,0,0,0,1,0,23,10,4,7,1,3,10,1,1
439,3,"1, 2, 3, 4, 5, 6",1,1,1,1,1,1,3,"1, 2, 3, 4",4,4,4,4,4,5,4,3,4,3,1,1,0,0,0,,0,27,11,5,5,2,4,11,3,1
440,2,"1, 2, 5",1,1,0,0,1,0,4,"1, 2, 3, 4",4,5,5,1,4,4,4,5,4,4,1,1,0,0,0,1,0,25,10,3,4,1,1,10,1,1
441,3,5,0,0,0,0,1,0,1,3,1,5,4,1,3,2,3,3,4,3,1,1,1,0,0,1,1,21,10,3,3,1,4,10,3,1
442,2,"1, 2",1,1,0,0,0,0,3,"3, 4",2,5,5,3,5,3,3,3,5,3,3,1,1,0,1,1,1,45,10,4,7,2,1,10,1,1
443,3,"4, 5",0,0,0,1,1,0,1,"1, 2, 3",3,3,3,1,5,4,3,4,4,1,1,1,1,0,0,,0,18,10,0,1,1,1,10,1,1
444,3,2,0,1,0,0,0,0,3,1,1,5,5,4,5,4,5,5,5,4,3,1,1,0,0,0,0,24,10,5,7,5,3,10,1,4
445,2,"1, 2, 3, 4, 5, 6",1,1,1,1,1,1,1,"2, 3",2,5,5,1,4,5,4,3,4,3,2,1,0,0,0,0,1,23,10,4,3,1,1,10,1,1
446,2,2,0,1,0,0,0,0,1,3,1,4,4,4,5,2,4,3,4,3,2,1,0,0,0,,0,29,10,4,7,2,1,10,1,1
447,2,5,0,0,0,0,1,0,2,3,1,4,4,4,4,3,4,4,4,4,2,1,1,0,0,,0,21,13,3,4,2,1,13,1,1
448,2,"1, 2, 4, 5",1,1,0,1,1,0,3,3,1,3,5,5,5,4,5,5,5,5,1,1,0,0,0,1,0,23,10,4,4,2,1,10,1,1
449,3,6,0,0,0,0,0,1,2,3,1,1,4,1,1,5,1,1,1,1,1,1,0,0,0,,0,34,14,4,5,2,3,7,2,3
450,2,"1, 2, 4, 5, 6",1,1,0,1,1,1,3,"1, 2, 3, 4",4,4,4,3,4,3,3,3,3,2,1,1,1,0,0,,0,28,10,5,5,2,3,10,3,4
451,3,"1, 2, 5",1,1,0,0,1,0,2,"2, 3",2,3,5,2,4,3,3,2,4,1,2,1,0,0,0,,0,22,9,0,1,1,4,9,3,1
452,2,"1, 2",1,1,0,0,0,0,2,"1, 2, 3",3,3,4,1,2,3,3,3,2,1,2,1,0,0,0,0,0,29,8,4,4,5,5,8,,1
453,3,"1, 2, 6",1,1,0,0,0,1,3,4,1,4,4,1,5,5,5,1,3,1,2,1,1,0,0,,0,24,9,4,4,2,3,13,1,1
454,3,4,0,0,0,1,0,0,2,"2, 3",2,5,5,5,5,3,5,5,5,3,1,1,0,0,0,,1,16,12,3,1,1,3,12,1,1
455,3,"1, 5",1,0,0,0,1,0,3,"1, 2, 3, 4",4,5,3,1,4,3,2,4,3,2,3,1,1,1,1,1,1,30,13,3,7,4,1,13,1,3
456,2,2,0,1,0,0,0,0,3,1,1,4,4,4,3,4,3,2,1,1,2,1,0,0,0,0,0,28,10,4,7,2,3,10,3,1
457,2,"1, 2, 4, 5, 6",1,1,0,1,1,1,2,"1, 2, 4",3,5,4,1,4,1,1,3,4,4,1,1,1,0,1,1,0,24,8,4,1,2,1,10,1,1
458,2,"1, 2, 3, 4, 5, 6",1,1,1,1,1,1,3,"1, 2, 3, 4",4,5,4,3,4,5,5,5,4,3,1,1,1,0,0,1,1,20,13,5,7,5,1,13,1,1
459,2,"1, 5",1,0,0,0,1,0,3,"2, 3, 4",3,5,2,2,4,4,2,4,4,3,1,1,1,0,0,,1,23,10,4,1,1,1,10,,1
460,1,1,1,0,0,0,0,0,2,"1, 2",2,5,4,3,3,1,1,3,3,3,2,1,0,0,0,0,1,24,10,4,4,2,1,10,1,4
461,3,"1, 2, 3, 4, 5",1,1,1,1,1,0,4,"1, 2, 3, 4",4,5,5,5,5,5,5,5,5,5,3,1,1,1,0,1,1,31,10,3,7,5,1,10,1,1
462,3,"1, 2, 3, 4, 5",1,1,1,1,1,0,4,"1, 2, 3, 4",4,5,5,5,5,5,5,5,5,5,3,1,1,1,0,1,1,31,10,3,7,5,1,10,1,1
463,1,"1, 2",1,1,0,0,0,0,1,"1, 2",2,3,5,1,4,5,3,4,3,1,2,1,0,0,0,1,0,40,13,5,5,2,2,13,1,1
464,1,1,1,0,0,0,0,0,3,2,1,5,4,1,4,1,4,4,5,5,3,1,1,0,0,1,1,29,10,4,5,2,4,10,3,1
465,1,"1, 2, 5",1,1,0,0,1,0,1,"2, 4",2,5,5,1,5,2,3,4,4,4,2,1,1,0,0,0,0,47,7,6,5,3,2,10,1,1
466,2,"1, 2, 6",1,1,0,0,0,1,2,"1, 2, 4",3,4,4,1,5,4,2,1,3,1,1,1,1,0,0,,1,38,10,5,4,3,1,10,1,1
467,1,1,1,0,0,0,0,0,2,"2, 3",2,3,4,3,5,3,3,3,4,4,2,1,0,0,0,0,0,30,13,3,2,1,1,13,1,4
468,2,"1, 2",1,1,0,0,0,0,2,4,1,5,5,4,5,2,2,4,4,4,3,1,0,0,0,,1,64,9,4,4,4,5,13,1,1
469,2,6,0,0,0,0,0,1,2,"1, 2, 3, 4",4,4,4,4,4,4,4,4,4,4,3,1,1,0,0,,1,29,10,4,4,2,1,10,1,1
470,3,"1, 2, 5, 6",1,1,0,0,1,1,3,"1, 2, 3",3,5,5,2,5,5,3,3,5,4,1,1,1,1,1,1,0,25,10,4,4,2,1,10,1,1
471,2,"1, 6",1,0,0,0,0,1,3,"3, 4",2,5,5,4,5,5,2,5,5,1,1,1,1,1,1,1,1,20,13,3,1,1,1,13,1,1
472,2,"1, 2, 3, 4, 5, 6",1,1,1,1,1,1,2,"2, 3, 4",3,4,4,3,4,4,2,3,4,5,1,1,1,1,0,1,1,20,8,0,1,1,3,8,1,1
473,2,"1, 2, 3, 4, 5",1,1,1,1,1,0,4,"2, 3, 4",3,4,5,4,5,5,4,3,4,4,2,1,1,0,0,,0,36,10,6,5,2,1,10,1,1
474,3,"4, 6",0,0,0,1,0,1,4,4,1,5,5,4,5,5,3,4,5,4,1,1,1,1,1,1,0,18,7,0,1,1,1,10,1,1
475,3,5,0,0,0,0,1,0,3,1,1,5,5,1,5,5,1,5,1,4,"1, 3",2,0,0,0,1,0,24,8,4,4,3,3,8,3,1
476,2,6,0,0,0,0,0,1,2,"1, 2, 3",3,5,4,4,5,4,5,5,4,1,1,1,0,0,0,,0,18,10,3,1,1,1,10,1,2
477,3,"1, 2, 5, 6",1,1,0,0,1,1,3,"1, 2, 3, 4",4,5,5,4,5,5,1,5,5,4,2,1,1,0,0,1,1,21,11,4,4,5,5,11,3,1
478,2,1,1,0,0,0,0,0,4,3,1,5,4,1,5,5,4,5,5,5,3,1,1,1,1,1,0,49,9,4,2,1,3,9,1,1
479,3,"1, 2, 4, 5",1,1,0,1,1,0,4,"2, 3",2,3,4,3,4,3,5,4,5,4,3,1,1,0,1,1,1,20,8,4,1,5,4,8,3,1
480,3,"1, 2, 4, 5, 6",1,1,0,1,1,1,2,"1, 2, 3, 4",4,4,4,1,4,4,4,4,2,4,"1, 3",2,1,0,1,1,0,23,9,4,4,3,1,13,1,1
481,3,"1, 2, 4, 5",1,1,0,1,1,0,3,"1, 2, 3, 4",4,5,4,1,5,4,4,3,5,4,2,1,0,0,0,1,0,30,9,4,4,3,1,13,1,1
482,3,"1, 2, 4",1,1,0,1,0,0,3,"1, 2, 3, 4",4,4,5,3,3,5,4,3,4,3,1,1,0,0,0,0,1,21,11,3,5,1,2,11,1,1
483,2,"1, 2",1,1,0,0,0,0,1,"1, 2, 4",3,5,4,4,4,4,4,5,5,4,1,1,1,0,0,,0,45,9,4,5,2,4,10,3,1
484,3,"1, 2, 4, 5, 6",1,1,0,1,1,1,2,"2, 3, 4",3,3,3,3,3,3,4,2,3,1,1,1,0,0,0,,0,19,10,0,1,1,1,10,1,1
485,2,4,0,0,0,1,0,0,2,"1, 2, 3",3,3,5,5,5,5,5,5,3,3,2,1,1,0,1,1,0,21,10,0,1,2,3,10,1,1
486,1,"2, 4",0,1,0,1,0,0,3,"1, 2, 3, 4",4,2,4,4,2,4,4,5,2,5,3,1,1,1,1,1,0,33,13,4,4,4,5,15,,1
487,2,5,0,0,0,0,1,0,4,2,1,4,4,4,5,4,1,4,4,4,1,1,1,0,0,,1,62,10,4,7,3,1,10,1,1
488,3,"1, 2, 6",1,1,0,0,0,1,2,"1, 2, 3, 4",4,3,4,1,4,5,4,5,5,5,1,1,1,0,0,1,0,21,8,0,1,1,3,8,1,4
489,3,"1, 2, 3, 4, 5, 6",1,1,1,1,1,1,3,"1, 2, 4",3,3,3,3,3,3,4,3,3,3,3,1,1,1,1,1,1,35,8,4,4,2,1,8,1,1
490,2,"1, 2, 3, 4, 5, 6",1,1,1,1,1,1,4,"2, 3, 4",3,5,5,5,5,5,5,5,5,5,1,1,1,1,1,1,1,25,8,3,1,1,1,8,1,1
491,3,"1, 2, 4, 5, 6",1,1,0,1,1,1,3,"1, 2, 3",3,3,4,3,5,5,5,1,2,2,2,1,1,0,0,,0,20,7,4,1,1,1,7,2,1
492,3,2,0,1,0,0,0,0,4,3,1,5,5,4,4,5,4,5,4,5,1,1,1,0,0,0,1,23,8,4,1,1,4,8,4,1
493,3,"2, 4, 6",0,1,0,1,0,1,1,"2, 4",2,4,5,3,5,5,5,5,5,5,3,1,1,0,0,0,1,16,13,3,1,1,1,13,1,4
494,3,"1, 6",1,0,0,0,0,1,1,3,1,5,5,4,5,5,5,1,2,1,1,1,0,0,0,0,1,28,13,4,4,2,1,13,1,1
495,2,5,0,0,0,0,1,0,2,2,1,5,5,5,5,5,5,1,3,3,2,1,1,0,0,0,1,18,10,3,1,1,1,10,1,1
496,1,5,0,0,0,0,1,0,2,2,1,5,5,5,5,5,5,1,3,3,2,1,1,0,0,0,1,18,10,3,1,1,1,10,1,1
497,3,"2, 3, 5, 6",0,1,1,0,1,1,4,"1, 2, 3",3,3,5,4,3,5,4,4,2,3,2,1,1,0,0,,0,20,13,4,1,1,1,13,1,1
498,2,"5, 6",0,0,0,0,1,1,1,2,1,3,1,1,5,5,1,1,4,1,1,1,0,0,0,,1,17,3,3,2,1,3,3,2,1
499,2,"1, 2, 5, 6",1,1,0,0,1,1,3,"2, 3",2,4,4,4,4,4,3,4,4,3,1,1,1,0,0,0,0,26,9,5,5,2,3,9,1,1
500,1,1,1,0,0,0,0,0,2,4,1,4,4,3,4,1,4,4,4,4,2,1,1,0,1,1,0,40,9,5,5,2,3,8,1,1
501,2,"1, 2, 3, 4, 5",1,1,1,1,1,0,3,"2, 3, 4",3,5,5,4,5,4,4,4,5,5,1,1,1,0,0,,1,55,8,4,5,2,4,8,3,1
502,2,"2, 5, 6",0,1,0,0,1,1,3,"1, 2, 3",3,3,5,2,3,5,1,1,3,4,2,1,0,0,1,1,0,23,13,4,1,2,1,10,1,1
503,2,"1, 5, 6",1,0,0,0,1,1,3,"2, 3, 4",3,4,4,3,5,4,3,4,4,4,4,1,1,0,0,,0,21,13,3,1,1,1,13,1,1
504,3,1,1,0,0,0,0,0,2,2,1,5,5,5,5,4,4,5,5,5,1,1,1,0,1,1,1,40,10,5,1,2,1,13,1,4
505,2,"1, 2, 5",1,1,0,0,1,0,3,"2, 3, 4",3,5,4,1,4,5,2,1,4,4,4,1,1,1,1,1,0,27,8,4,5,2,3,2,2,1
506,1,"1, 2, 5, 6",1,1,0,0,1,1,1,"1, 3, 4",3,4,4,1,5,4,1,2,4,3,1,1,1,1,0,,1,58,9,3,7,5,3,9,1,1
507,2,"1, 2, 4, 5, 6",1,1,0,1,1,1,2,"2, 3",2,4,4,3,3,5,5,4,4,5,3,1,1,1,0,0,0,18,5,3,1,1,3,5,2,1
508,2,"1, 2",1,1,0,0,0,0,2,2,1,4,4,2,4,4,4,4,4,5,"1, 2",2,1,0,0,1,1,38,8,5,5,2,1,10,3,1
509,2,"1, 2, 5",1,1,0,0,1,0,3,"1, 2, 3, 4",4,1,5,1,4,4,3,4,4,4,2,1,0,0,0,,1,39,10,4,5,2,1,13,1,1
510,3,"1, 2, 4, 5, 6",1,1,0,1,1,1,1,3,1,5,5,1,5,5,5,4,5,4,2,1,1,1,1,,0,29,10,4,4,2,1,10,1,1
511,2,"1, 2, 5",1,1,0,0,1,0,3,"1, 2",2,5,5,4,5,2,2,5,5,1,1,1,1,0,0,,0,55,1,4,7,4,1,13,1,1
512,3,"1, 2",1,1,0,0,0,0,2,1,1,5,3,1,5,3,4,3,5,4,1,1,1,0,0,,1,50,10,4,7,3,1,10,1,1
513,3,"1, 4, 5",1,0,0,1,1,0,4,"1, 2, 4",3,4,3,2,5,2,4,3,4,4,3,1,1,1,1,1,1,28,11,3,7,2,3,11,1,1
514,2,"1, 2, 4",1,1,0,1,0,0,2,"1, 2, 3, 4",4,1,4,1,3,3,3,1,1,1,2,1,1,0,0,,0,33,10,4,5,2,1,10,1,1
515,3,"1, 2, 4, 5, 6",1,1,0,1,1,1,4,"2, 3, 4",3,4,5,4,3,5,5,5,3,3,1,1,0,0,0,0,0,25,3,4,5,2,3,3,2,3
516,3,5,0,0,0,0,1,0,2,2,1,4,4,4,5,4,2,2,4,3,2,1,1,0,1,1,0,18,8,0,1,1,4,8,3,1
517,1,1,1,0,0,0,0,0,1,2,1,5,3,1,3,3,1,1,5,1,1,1,0,0,0,1,0,42,13,5,5,2,1,13,1,1
518,2,"1, 2, 5, 6",1,1,0,0,1,1,2,"1, 2, 3",3,5,4,3,5,5,3,4,4,4,1,1,1,0,0,0,1,45,14,5,1,5,5,15,,1
519,2,2,0,1,0,0,0,0,2,3,1,5,5,1,4,5,4,5,5,4,2,1,1,0,0,,0,28,9,4,5,2,4,9,3,1
520,2,"2, 6",0,1,0,0,0,1,2,"1, 3",2,4,4,3,3,5,4,4,2,3,1,1,1,0,0,,0,28,7,4,7,3,1,13,1,1
521,3,"1, 2",1,1,0,0,0,0,2,"2, 3",2,4,4,2,4,2,2,3,3,4,2,1,1,0,0,,1,31,9,5,5,2,2,10,2,4
522,2,"1, 2, 4, 5",1,1,0,1,1,0,2,"1, 2, 3, 4",4,3,4,2,5,1,1,1,1,1,2,1,1,0,0,,0,27,10,5,1,2,4,10,3,4
523,3,"1, 2, 6",1,1,0,0,0,1,3,"1, 2, 3, 4",4,5,5,4,4,4,4,4,4,5,3,1,1,1,0,1,1,42,10,5,5,2,3,10,1,1
524,1,6,0,0,0,0,0,1,2,2,1,2,2,2,4,2,2,2,3,1,2,1,0,0,0,,0,35,10,4,5,2,3,8,3,1
525,3,"1, 2, 3, 5",1,1,1,0,1,0,1,"1, 2, 3, 4",4,3,2,4,4,4,1,1,5,4,2,1,1,0,0,1,1,47,10,2,3,2,1,13,1,1
526,1,"1, 2, 5",1,1,0,0,1,0,2,1,1,3,4,3,4,3,3,3,3,3,2,1,0,0,0,,1,37,10,4,4,2,3,10,1,1
527,2,"1, 2, 5, 6",1,1,0,0,1,1,4,"2, 3",2,4,5,5,5,5,5,4,5,3,1,1,0,0,0,,0,28,8,4,1,1,3,8,1,1
528,3,6,0,0,0,0,0,1,3,1,1,2,3,3,3,5,3,3,5,3,2,1,0,0,0,1,0,29,10,4,7,2,1,10,1,1
529,3,5,0,0,0,0,1,0,2,"1, 2, 3",3,5,5,5,5,3,5,5,5,5,1,1,1,1,0,1,0,23,11,5,1,1,3,11,1,1
530,2,1,1,0,0,0,0,0,3,2,1,5,5,3,4,3,3,4,4,4,3,1,0,1,0,0,0,28,8,4,5,2,1,10,1,1
531,2,1,1,0,0,0,0,0,3,2,1,5,5,4,5,1,4,4,5,5,2,1,1,0,0,0,0,28,10,4,5,2,4,10,3,1
532,2,"1, 6",1,0,0,0,0,1,1,"3, 4",2,3,4,1,4,5,1,3,3,1,1,1,1,0,0,0,1,34,7,4,5,2,3,11,1,4
533,3,"1, 5, 6",1,0,0,0,1,1,1,"1, 2, 3",3,5,1,1,1,3,1,5,3,1,2,1,0,0,1,0,0,29,11,5,4,3,1,13,1,4
534,3,"1, 2, 4, 5, 6",1,1,0,1,1,1,2,"1, 2, 3, 4",4,4,4,3,4,4,3,4,4,4,1,1,0,0,0,1,0,26,8,5,5,2,3,10,1,1
535,2,"1, 2",1,1,0,0,0,0,4,"2, 4",2,4,4,2,4,2,4,4,4,3,1,1,1,0,0,1,1,26,13,4,4,2,3,13,1,1
536,3,5,0,0,0,0,1,0,2,3,1,4,4,4,4,4,4,4,4,1,2,1,0,0,0,1,1,32,8,4,5,2,3,10,1,1
537,3,2,0,1,0,0,0,0,3,"1, 2",2,5,5,4,5,4,4,4,4,4,1,1,0,0,0,1,0,24,9,4,5,2,4,9,3,1
538,2,"1, 2, 4",1,1,0,1,0,0,4,"1, 4",2,4,3,4,4,4,4,4,4,5,2,1,1,0,0,,1,46,9,4,7,4,1,10,1,1
539,3,"2, 3, 5, 6",0,1,1,0,1,1,3,"1, 2, 3, 4",4,4,5,3,3,4,4,4,3,3,"1, 3",2,1,0,0,1,0,18,8,3,1,1,1,8,1,1
540,3,"1, 2, 4, 5, 6",1,1,0,1,1,1,4,"1, 2, 4",3,4,4,4,4,4,4,3,4,4,3,1,1,1,0,0,0,22,9,0,5,2,4,9,3,1
541,3,"1, 2, 3, 4, 5, 6",1,1,1,1,1,1,4,"1, 2, 3, 4",4,3,3,3,3,3,3,3,4,3,1,1,0,1,0,1,0,36,10,5,5,2,2,10,1,1
542,2,"1, 4",1,0,0,1,0,0,3,"1, 2, 4",3,4,4,4,5,4,3,4,4,5,"3, 4",2,1,0,1,0,1,42,13,5,5,3,1,13,1,1
543,1,"1, 2, 4, 6",1,1,0,1,0,1,2,3,1,2,3,3,3,4,4,3,3,3,1,1,0,0,0,,1,30,14,4,4,3,1,13,1,1
544,2,"1, 2, 5, 6",1,1,0,0,1,1,4,"1, 2, 3, 4",4,5,5,4,5,5,4,5,5,4,1,1,1,0,0,,0,23,9,4,5,2,4,9,3,1
545,3,"1, 2, 3, 4, 5",1,1,1,1,1,0,3,"1, 2, 3",3,5,4,4,4,4,4,3,4,3,2,1,1,0,0,1,0,22,9,4,1,1,4,9,4,1
546,1,"1, 5",1,0,0,0,1,0,4,"3, 4",2,3,1,1,4,3,3,3,3,3,1,1,0,0,0,,1,40,7,5,7,4,1,7,2,4
547,3,"1, 2, 4, 5",1,1,0,1,1,0,3,"1, 2, 3, 4",4,3,5,5,4,3,5,5,3,3,2,1,0,0,0,1,0,27,14,4,5,2,3,14,1,4
548,2,"1, 6",1,0,0,0,0,1,3,"1, 2, 3, 4",4,3,4,2,3,3,2,2,3,2,1,1,1,0,0,,0,23,8,4,1,1,1,10,1,1
549,3,5,0,0,0,0,1,0,3,3,1,4,4,4,4,4,5,2,3,3,1,1,1,0,0,0,1,27,10,4,5,2,1,10,1,1
550,2,"1, 2, 3",1,1,1,0,0,0,4,"1, 2, 4",3,4,4,4,4,4,4,3,4,3,2,1,1,0,0,0,0,24,9,4,5,2,4,9,3,1
551,2,"1, 2, 3",1,1,1,0,0,0,4,"1, 2, 4",3,4,4,4,4,4,3,3,4,3,2,1,1,1,0,1,0,24,9,4,5,2,4,9,3,1
552,3,5,0,0,0,0,1,0,4,1,1,4,4,3,4,4,5,3,3,3,1,1,0,0,0,,0,23,7,4,5,2,1,7,1,1
553,2,5,0,0,0,0,1,0,1,3,1,4,4,4,4,4,4,4,4,4,1,1,0,0,0,1,0,26,9,5,5,2,3,9,1,1
554,3,6,0,0,0,0,0,1,2,3,1,4,1,3,3,5,4,3,3,3,1,1,0,0,0,0,0,20,10,0,1,1,1,10,1,2
555,3,"1, 2",1,1,0,0,0,0,3,"1, 2, 3",3,4,4,4,4,1,4,4,4,3,3,1,0,0,0,1,0,24,9,4,5,2,4,9,3,1
556,2,"1, 2, 3",1,1,1,0,0,0,4,"1, 2, 4",3,4,4,4,4,4,3,3,4,3,2,1,1,0,0,0,0,24,9,4,5,2,4,9,3,1
557,3,5,0,0,0,0,1,0,4,1,1,4,4,3,4,4,5,4,4,4,2,1,0,0,0,,0,32,10,5,7,2,1,10,1,1
558,2,5,0,0,0,0,1,0,4,1,1,5,5,4,5,4,5,5,5,5,3,1,1,1,1,1,0,23,9,4,7,2,4,9,3,1
559,2,4,0,0,0,1,0,0,1,3,1,3,3,4,5,3,5,3,4,3,3,1,1,1,1,1,0,17,14,3,2,1,3,14,1,1
560,3,5,0,0,0,0,1,0,4,3,1,5,5,5,5,3,3,3,5,3,1,1,0,0,0,1,1,27,10,2,3,2,3,10,1,1
561,3,"1, 2, 3, 5",1,1,1,0,1,0,3,"1, 2",2,5,4,1,5,4,4,5,5,4,1,1,0,0,0,,0,20,9,4,5,2,4,9,3,1
562,2,2,0,1,0,0,0,0,2,1,1,5,5,5,5,4,1,1,5,1,2,1,0,0,0,0,0,41,9,4,5,2,4,9,3,1
563,2,"1, 2, 4, 5, 6",1,1,0,1,1,1,3,"1, 2, 3, 4",4,5,4,2,4,4,4,4,5,4,1,1,1,1,0,,0,33,10,5,5,2,3,10,1,1
564,2,2,0,1,0,0,0,0,3,1,1,4,5,1,5,4,4,5,5,5,2,1,0,0,0,0,0,22,9,4,5,1,3,9,1,1
565,3,"1, 2, 3, 4, 5, 6",1,1,1,1,1,1,3,"1, 2, 3, 4",4,4,4,4,5,5,4,4,3,3,1,1,0,0,0,,0,24,10,4,5,2,3,10,1,4
566,3,"2, 4, 5",0,1,0,1,1,0,3,1,1,5,5,3,5,4,5,4,4,4,2,1,1,0,0,,0,21,9,4,5,2,3,9,1,1
567,3,6,0,0,0,0,0,1,4,4,1,1,1,1,1,1,1,1,1,1,2,1,0,0,0,0,1,23,1,1,2,5,3,1,4,4
568,3,"1, 2",1,1,0,0,0,0,1,"3, 4",2,5,5,1,5,1,4,3,3,3,1,1,1,0,0,0,0,26,9,4,7,1,4,9,3,1
569,2,"1, 2, 5",1,1,0,0,1,0,4,"1, 2, 3, 4",4,4,5,4,5,3,3,5,3,3,2,1,0,0,0,,1,28,10,5,5,2,1,13,1,4
570,3,"1, 2, 4, 5",1,1,0,1,1,0,4,"1, 2",2,5,3,5,5,1,4,3,4,1,2,1,0,0,0,0,1,38,10,4,7,5,3,10,1,4
571,1,"1, 2, 4, 6",1,1,0,1,0,1,3,1,1,5,5,5,5,4,5,5,5,4,1,1,0,0,0,0,1,46,13,4,5,2,1,13,1,4
572,2,2,0,1,0,0,0,0,3,2,1,5,5,4,4,4,3,3,4,2,2,1,0,0,0,0,0,27,10,4,5,2,2,10,1,1
573,2,"1, 4, 5, 6",1,0,0,1,1,1,3,"1, 3, 4",3,5,4,3,4,4,4,4,3,3,2,1,1,0,0,,1,46,9,4,7,4,1,10,1,1
574,1,2,0,1,0,0,0,0,2,1,1,1,5,1,1,1,1,1,1,1,2,1,0,0,0,,0,32,3,4,7,2,3,3,2,2
575,3,"2, 4, 5",0,1,0,1,1,0,1,"2, 3, 4",3,4,4,5,5,5,5,5,4,5,1,1,0,0,0,0,1,25,5,4,4,2,3,5,2,1
576,2,"1, 2, 3, 5",1,1,1,0,1,0,1,"2, 3, 4",3,2,5,4,1,1,1,2,2,1,1,1,1,0,0,1,0,36,10,4,5,2,2,10,1,2
577,2,"1, 2, 3, 4, 5, 6",1,1,1,1,1,1,4,"1, 2, 3, 4",4,4,3,3,3,4,4,4,4,4,"1, 3",2,1,1,0,,0,23,10,4,7,4,1,10,1,1
578,3,"1, 4, 5",1,0,0,1,1,0,1,"1, 2, 3",3,3,1,2,3,4,5,3,5,2,1,1,0,0,0,0,1,15,13,3,1,1,1,13,1,1
579,1,"1, 2, 3, 4, 5",1,1,1,1,1,0,3,"1, 2, 3, 4",4,5,5,5,5,1,1,1,5,1,1,1,1,0,0,1,1,23,10,4,4,2,1,10,1,1
580,2,"1, 2, 6",1,1,0,0,0,1,3,"2, 4",2,5,5,4,5,4,4,4,4,5,1,1,1,0,1,1,1,25,1,4,1,1,3,1,2,3
581,3,5,0,0,0,0,1,0,3,"2, 4",2,4,2,1,3,1,2,2,4,1,3,1,1,0,0,,0,24,8,4,5,2,4,8,3,1
582,3,"1, 2, 3, 4, 5, 6",1,1,1,1,1,1,2,4,1,5,5,5,5,5,5,5,5,5,3,1,1,0,0,0,1,40,13,3,6,2,3,11,1,2
583,3,"1, 2, 3, 4, 5, 6",1,1,1,1,1,1,4,"1, 2, 3, 4",4,5,5,5,5,5,5,5,5,5,4,1,1,1,1,1,1,27,10,4,7,3,3,10,1,1
584,2,"1, 2, 3, 4, 5, 6",1,1,1,1,1,1,3,"2, 3",2,4,5,4,4,4,4,4,3,1,2,1,0,0,0,0,1,43,1,4,5,2,3,8,1,1
585,2,"1, 2, 5",1,1,0,0,1,0,4,"1, 2, 4",3,5,4,3,5,4,3,3,5,3,2,1,0,0,0,0,1,43,13,4,5,2,4,13,3,2
586,3,"4, 5, 6",0,0,0,1,1,1,2,"1, 2, 3",3,1,1,1,4,2,4,1,4,4,1,1,1,0,0,,0,28,10,4,5,2,4,10,3,1
587,3,1,1,0,0,0,0,0,4,4,1,5,5,4,5,2,3,4,4,3,1,1,1,0,0,1,1,39,10,4,6,2,1,10,1,2
588,2,"1, 2, 3, 4, 5, 6",1,1,1,1,1,1,3,"2, 3",2,4,4,4,4,5,4,3,3,3,3,1,1,0,0,0,1,21,9,0,1,1,4,9,3,1
589,3,"1, 2, 4, 5",1,1,0,1,1,0,4,"1, 2, 3, 4",4,5,4,2,5,4,5,5,3,2,3,1,1,0,0,0,0,22,8,0,1,1,3,8,1,1
590,2,1,1,0,0,0,0,0,2,"1, 2, 3",3,4,3,2,5,4,1,1,4,1,1,1,1,0,0,1,1,23,10,4,4,2,1,10,2,1
591,2,"1, 2, 5, 6",1,1,0,0,1,1,3,"2, 3, 4",3,3,4,2,4,3,3,3,4,1,3,1,1,0,0,1,1,23,10,4,1,1,1,10,1,1
592,2,6,0,0,0,0,0,1,2,2,1,4,4,3,4,5,3,3,4,3,2,1,0,0,0,0,1,22,10,0,1,1,1,10,1,1
593,3,3,0,0,1,0,0,0,1,2,1,5,5,5,5,4,4,4,4,4,2,1,1,0,0,1,1,25,10,4,4,2,1,10,1,1
594,2,"2, 5",0,1,0,0,1,0,3,2,1,5,5,3,5,3,3,4,4,4,1,1,1,0,0,1,0,24,8,4,5,2,1,1,1,1
595,3,"1, 2, 3, 4, 5, 6",1,1,1,1,1,1,4,"1, 2, 3, 4",4,5,5,5,5,5,4,4,4,3,1,1,1,0,0,,1,23,10,0,1,1,1,10,1,1
596,2,2,0,1,0,0,0,0,1,1,1,5,5,4,5,4,5,4,5,4,2,1,1,0,0,1,0,28,8,4,5,2,3,8,3,2
597,3,"1, 2, 4, 5",1,1,0,1,1,0,3,2,1,5,4,3,5,4,4,4,3,1,2,1,1,1,0,0,0,23,9,4,5,2,3,9,1,1
598,2,"1, 2, 6",1,1,0,0,0,1,2,"1, 3, 4",3,4,4,2,4,5,3,3,3,3,1,1,1,0,0,,0,29,10,4,4,3,1,13,,4
599,2,2,0,1,0,0,0,0,4,3,1,3,3,3,3,3,3,3,3,3,2,1,1,0,0,,0,28,10,4,7,3,1,13,1,1
600,3,"1, 2, 5, 6",1,1,0,0,1,1,2,"1, 2, 3, 4",4,4,4,2,4,4,5,3,4,1,1,1,0,0,0,,0,28,10,4,4,4,1,10,1,1
601,1,"1, 2, 4",1,1,0,1,0,0,2,3,1,5,5,3,3,5,5,5,5,3,2,1,0,0,0,0,0,28,10,4,5,3,1,10,1,1
602,2,"1, 2, 6",1,1,0,0,0,1,2,"1, 2, 3, 4",4,4,4,3,5,4,3,4,5,5,"1, 2",2,1,0,0,,1,24,10,4,7,2,4,10,4,1
603,3,"1, 5, 6",1,0,0,0,1,1,3,"1, 2, 3, 4",4,3,4,4,5,5,4,4,5,5,2,1,1,0,0,1,1,23,10,4,7,2,1,10,1,1
604,2,"1, 2",1,1,0,0,0,0,3,"2, 3, 4",3,3,5,1,5,3,2,3,4,3,1,1,0,0,0,,0,23,11,4,1,1,3,11,1,4
605,2,"1, 2",1,1,0,0,0,0,3,"2, 3, 4",3,3,5,1,5,3,2,3,4,3,1,1,0,0,0,,0,23,11,4,1,1,3,11,1,4
606,3,"1, 6",1,0,0,0,0,1,3,3,1,1,5,1,5,5,4,3,3,1,2,1,0,0,0,0,0,28,10,4,7,3,1,10,1,4
607,2,6,0,0,0,0,0,1,4,"1, 4",2,4,4,4,4,5,5,2,4,3,2,1,1,1,0,1,1,32,10,4,7,5,3,10,1,1
608,3,"1, 5",1,0,0,0,1,0,3,1,1,3,3,4,5,1,4,3,4,4,2,1,0,0,0,0,0,28,10,4,7,3,4,10,3,1
609,2,5,0,0,0,0,1,0,2,"1, 3",2,3,4,1,3,3,2,2,3,1,2,1,0,0,0,0,0,27,7,4,5,2,3,7,2,4
610,3,"1, 2",1,1,0,0,0,0,1,2,1,3,4,4,5,1,1,3,3,1,2,1,0,0,0,0,0,29,8,5,5,2,1,10,1,1
611,2,"1, 2, 3",1,1,1,0,0,0,3,"1, 2, 3, 4",4,5,5,3,3,3,3,5,2,3,2,1,1,1,0,1,1,22,1,4,1,1,1,1,2,4
612,1,4,0,0,0,1,0,0,1,3,1,3,3,1,3,4,5,5,3,1,2,1,0,0,0,0,0,28,10,4,4,2,1,10,2,1
613,2,"1, 2, 5",1,1,0,0,1,0,2,"1, 2",2,5,5,1,4,1,1,1,4,1,1,1,0,0,0,0,0,52,10,6,5,2,1,10,1,1
614,3,"1, 2, 5",1,1,0,0,1,0,4,"1, 2, 3, 4",4,5,5,1,3,4,5,2,5,4,1,1,1,0,0,1,0,28,10,5,5,2,1,10,1,1
615,2,"1, 2, 5",1,1,0,0,1,0,3,"1, 2, 4",3,5,5,1,5,1,1,1,5,1,1,1,1,0,0,1,1,35,8,4,4,3,3,8,1,1
616,3,6,0,0,0,0,0,1,2,3,1,3,4,4,3,5,4,1,4,2,2,1,1,0,0,0,0,28,10,4,5,2,1,10,1,1
617,3,"1, 2, 4, 5",1,1,0,1,1,0,4,"1, 2, 4",3,4,4,2,4,2,4,5,4,5,2,1,1,0,0,0,1,38,8,5,5,2,1,13,1,1
618,2,"1, 2, 6",1,1,0,0,0,1,3,2,1,4,4,3,5,4,1,1,4,3,1,1,0,0,0,0,0,51,10,4,7,3,1,10,1,1
619,2,"1, 2, 6",1,1,0,0,0,1,3,"2, 3",2,4,5,4,4,4,4,3,3,4,2,1,1,0,1,1,0,24,9,4,1,1,3,9,2,1
620,3,"1, 2, 4, 5, 6",1,1,0,1,1,1,1,"2, 3",2,5,5,1,5,4,4,5,5,4,1,1,1,0,0,,0,26,10,5,5,2,4,10,3,1
621,3,"1, 2, 4, 5",1,1,0,1,1,0,1,"2, 3, 4",3,4,4,1,4,4,4,5,4,4,"1, 2",2,1,0,0,0,0,18,13,3,1,1,1,13,1,1
622,3,"1, 2, 5",1,1,0,0,1,0,4,"1, 2, 4",3,4,4,4,5,4,4,5,5,4,3,1,1,1,1,1,1,39,4,5,5,2,3,4,2,1
623,3,"1, 2, 4, 5",1,1,0,1,1,0,4,"1, 2, 3, 4",4,5,3,3,4,1,1,1,4,1,2,1,1,0,0,0,1,30,8,4,4,2,1,10,1,1
624,3,"1, 2, 3, 5",1,1,1,0,1,0,2,"2, 3",2,3,5,4,5,4,5,1,3,1,2,1,0,0,0,1,0,29,10,5,7,2,1,10,1,1
625,3,"1, 2, 3, 5",1,1,1,0,1,0,4,"1, 2, 4",3,5,5,5,5,3,3,3,5,5,3,1,1,0,0,,1,43,9,4,7,5,1,10,1,1
626,3,"1, 2, 3, 5",1,1,1,0,1,0,4,"1, 2, 4",3,5,5,5,5,3,3,3,5,5,3,1,1,0,0,,1,43,9,4,7,5,1,10,1,1
627,2,6,0,0,0,0,0,1,3,"2, 3",2,3,4,4,4,5,4,4,5,2,1,1,1,0,1,1,0,26,8,5,5,2,1,8,1,1
628,1,"1, 2, 5",1,1,0,0,1,0,1,"1, 2, 3, 4",4,5,5,2,4,2,3,5,5,2,4,1,0,0,0,0,1,41,13,5,7,5,1,13,1,1
629,3,"1, 2, 3, 4, 5",1,1,1,1,1,0,4,"1, 3, 4",3,3,5,4,5,4,4,4,3,4,2,1,0,0,0,,1,23,10,4,4,2,2,10,1,1
630,3,"1, 2, 4",1,1,0,1,0,0,2,"2, 3",2,5,4,5,5,4,1,1,5,1,2,1,1,0,0,,0,33,8,5,5,2,3,14,1,1
631,3,"2, 3, 4",0,1,1,1,0,0,1,3,1,4,5,3,2,4,4,3,3,2,2,1,0,0,0,0,0,28,10,5,4,4,5,15,2,1
632,3,"1, 2, 6",1,1,0,0,0,1,4,"1, 2, 3, 4",4,4,4,4,5,5,4,4,4,4,1,1,1,1,0,0,1,28,10,4,4,4,1,13,1,1
633,3,"1, 5, 6",1,0,0,0,1,1,3,"1, 2, 3, 4",4,5,4,4,5,4,4,4,5,5,3,1,1,0,1,1,1,28,4,4,7,5,3,4,2,1
634,1,"2, 4, 5, 6",0,1,0,1,1,1,3,"2, 3, 4",3,5,5,4,3,4,4,1,5,1,1,1,0,0,0,0,1,17,10,0,1,1,1,10,1,1
635,2,"1, 2, 4, 5",1,1,0,1,1,0,4,"1, 2, 3, 4",4,4,4,3,4,3,4,4,4,3,2,1,1,0,0,0,0,23,9,4,1,1,3,9,1,1
636,2,"1, 2, 3, 4, 5, 6",1,1,1,1,1,1,4,"1, 2, 3, 4",4,4,4,4,5,4,5,5,5,1,2,1,1,0,0,,0,19,9,0,5,2,4,9,4,1
637,2,"1, 2, 4, 5, 6",1,1,0,1,1,1,3,"2, 3, 4",3,4,5,1,5,4,4,4,5,4,1,1,1,0,0,0,0,23,8,4,1,2,4,8,3,1
638,2,"4, 5",0,0,0,1,1,0,3,"2, 3",2,2,4,4,5,1,5,4,5,5,2,1,0,1,1,,1,23,10,4,4,2,1,10,1,1
639,2,"1, 2, 3, 5",1,1,1,0,1,0,1,"1, 2, 3, 4",4,5,5,3,4,4,1,1,4,1,2,1,0,0,0,0,0,57,13,4,7,3,1,10,1,1
640,3,1,1,0,0,0,0,0,2,1,1,5,4,1,5,4,1,1,4,4,1,1,1,0,0,,0,48,10,6,5,2,1,10,1,1
641,3,"1, 2, 5, 6",1,1,0,0,1,1,3,"2, 3, 4",3,2,4,1,3,4,2,2,1,2,1,1,1,0,0,,0,21,13,0,1,1,1,13,1,1
642,3,"1, 2, 4, 5",1,1,0,1,1,0,1,"1, 2, 3, 4",4,2,1,1,3,1,1,2,2,2,2,1,1,0,0,1,0,45,13,6,5,2,1,13,1,1
643,2,"1, 2, 5",1,1,0,0,1,0,2,"1, 2, 4",3,4,4,1,4,4,4,5,4,3,3,1,1,0,0,0,0,28,10,4,5,2,3,10,1,1
644,2,"1, 2, 3, 4, 5, 6",1,1,1,1,1,1,2,"1, 2, 3",3,5,5,5,5,4,4,5,5,3,1,1,0,0,0,0,1,27,10,4,7,2,1,10,1,1
645,3,"1, 2, 3, 4, 5",1,1,1,1,1,0,2,"1, 2",2,4,4,2,5,4,4,1,5,2,2,1,1,0,0,0,0,21,13,4,1,1,1,13,1,1
646,2,1,1,0,0,0,0,0,2,2,1,3,5,3,4,4,4,1,4,1,2,1,0,0,0,0,0,30,10,4,5,2,4,10,3,4
647,3,3,0,0,1,0,0,0,3,1,1,5,4,2,4,2,2,3,4,2,2,1,1,0,0,0,0,32,10,5,5,2,3,10,1,1
648,3,1,1,0,0,0,0,0,1,1,1,5,4,4,4,5,1,4,2,2,2,1,0,0,0,0,1,35,10,5,5,2,3,10,1,1
649,2,"1, 2",1,1,0,0,0,0,4,"1, 3, 4",3,5,5,3,4,4,4,5,4,5,3,1,0,0,0,0,1,63,11,4,4,4,1,13,1,1
650,2,"1, 2, 3, 5",1,1,1,0,1,0,2,"1, 2",2,5,4,3,4,3,3,4,4,4,2,1,1,0,0,,0,52,8,6,5,2,1,10,1,4
651,3,"1, 5, 6",1,0,0,0,1,1,3,"1, 2, 3, 4",4,5,4,2,4,5,3,2,3,3,1,1,0,0,0,0,0,31,13,4,4,4,1,13,1,1
652,1,2,0,1,0,0,0,0,2,1,1,1,5,1,1,1,1,1,1,1,2,1,1,0,0,0,0,32,3,4,7,2,3,3,2,2
653,3,"1, 2, 4, 6",1,1,0,1,0,1,1,"2, 3, 4",3,1,4,1,1,4,4,1,1,1,1,1,0,0,0,0,0,29,10,4,5,1,3,10,1,1
654,1,2,0,1,0,0,0,0,1,"3, 4",2,5,4,1,4,4,2,3,4,4,2,1,0,0,0,,1,18,10,0,1,1,1,10,1,1
655,1,"1, 2",1,1,0,0,0,0,3,2,1,5,4,2,5,4,1,3,4,1,2,1,0,0,1,1,0,40,10,6,5,2,2,10,1,1
656,2,"1, 2",1,1,0,0,0,0,2,4,1,5,5,3,3,3,3,3,5,3,3,1,1,0,1,1,1,45,10,4,7,2,1,10,1,2
657,2,"1, 2, 5, 6",1,1,0,0,1,1,3,"1, 2, 4",3,5,5,1,4,4,4,5,5,4,3,1,0,0,0,,1,65,10,4,4,2,1,10,1,1
658,2,"1, 2, 5",1,1,0,0,1,0,1,"1, 2, 3",3,4,4,3,4,2,2,4,3,4,3,1,0,0,0,0,1,54,7,5,7,5,1,13,1,4
659,3,1,1,0,0,0,0,0,1,1,1,4,4,4,4,4,4,1,3,3,2,1,0,0,0,0,0,39,13,4,2,1,1,13,1,1
660,3,"1, 2, 4, 5, 6",1,1,0,1,1,1,2,"2, 3, 4",3,4,5,2,4,4,4,4,3,3,1,1,1,0,0,,0,24,10,4,7,3,1,10,1,1
661,2,"1, 2, 4, 5",1,1,0,1,1,0,3,"1, 2, 3, 4",4,4,4,3,5,4,2,3,5,3,3,1,1,0,0,,0,24,8,4,1,1,3,10,1,1
662,2,5,0,0,0,0,1,0,3,3,1,4,5,4,4,4,4,4,3,1,2,1,0,0,0,1,0,27,10,5,5,2,3,10,1,1
663,1,"3, 4",0,0,1,1,0,0,3,3,1,4,4,3,5,4,5,5,4,4,3,1,0,0,0,,0,31,10,4,5,2,3,10,3,2
664,3,"1, 4, 5, 6",1,0,0,1,1,1,4,"1, 2, 3, 4",4,4,4,1,5,5,4,2,3,2,1,1,1,0,0,1,0,23,1,4,1,1,3,1,1,1
665,3,"1, 2, 5, 6",1,1,0,0,1,1,4,"1, 2, 3, 4",4,5,5,4,5,4,4,5,4,5,3,1,1,1,0,1,0,22,8,4,4,2,1,10,1,4
666,2,1,1,0,0,0,0,0,3,2,1,5,5,1,4,1,5,4,4,1,2,1,1,0,0,0,0,30,10,4,5,2,4,10,3,2
667,3,1,1,0,0,0,0,0,1,2,1,5,4,3,4,3,2,3,4,5,2,1,0,0,0,1,0,21,7,4,1,1,4,7,4,1
668,3,"1, 2, 3, 4, 5, 6",1,1,1,1,1,1,3,"1, 2, 3, 4",4,4,5,4,4,5,5,4,4,5,1,1,1,0,0,0,1,24,10,4,7,3,1,10,1,1
669,3,"1, 2, 4, 5",1,1,0,1,1,0,2,"1, 2",2,5,5,3,5,4,4,4,4,4,1,1,1,0,0,0,0,26,10,4,5,2,1,10,1,1
670,2,"1, 2",1,1,0,0,0,0,4,"1, 4",2,5,5,3,5,3,5,4,5,5,3,1,1,0,0,0,1,63,11,4,4,4,1,13,1,1
671,2,"1, 2, 3, 4, 5",1,1,1,1,1,0,1,2,1,3,5,3,5,3,4,5,5,1,2,1,1,0,0,,0,27,10,4,5,2,4,10,3,2
672,3,"1, 2, 4, 5, 6",1,1,0,1,1,1,3,"1, 2, 3, 4",4,5,5,4,5,5,5,4,3,4,1,1,0,0,0,1,0,30,8,4,5,2,4,8,3,1
673,2,"1, 3, 4, 6",1,0,1,1,0,1,1,"1, 2, 3",3,5,4,4,5,2,2,4,4,5,2,1,0,0,0,0,0,21,8,3,1,1,1,8,1,1
674,3,"1, 2, 3, 4, 5, 6",1,1,1,1,1,1,3,"1, 2, 3, 4",4,5,4,4,5,5,4,4,4,4,1,1,1,1,0,0,1,28,10,4,7,1,4,10,1,1
675,1,2,0,1,0,0,0,0,1,1,1,5,4,4,5,4,2,4,4,4,1,1,1,0,0,0,0,47,10,6,5,2,1,7,1,1
676,2,"1, 2, 4, 5",1,1,0,1,1,0,2,"1, 2, 3",3,4,4,1,5,1,4,4,4,4,"1, 3, 2",3,1,1,0,0,0,30,9,5,5,2,4,9,3,1
677,2,1,1,0,0,0,0,0,4,4,1,5,4,4,5,4,4,4,5,3,3,1,1,0,0,1,1,30,9,4,3,1,2,15,1,4
678,3,"1, 2, 3, 4",1,1,1,1,0,0,4,"1, 2, 4",3,5,5,4,5,4,5,5,5,5,2,1,1,0,0,,1,28,10,4,4,2,3,10,1,1
679,2,"1, 2, 5",1,1,0,0,1,0,2,"1, 2, 3, 4",4,3,5,1,4,2,1,1,1,1,2,1,0,0,0,0,0,38,13,4,4,4,1,13,1,1
680,2,"1, 5, 6",1,0,0,0,1,1,2,"1, 2, 3, 4",4,4,2,1,4,5,3,3,4,2,1,1,1,0,1,0,0,18,8,4,1,1,3,10,1,1
681,3,6,0,0,0,0,0,1,3,"1, 3",2,3,4,3,4,4,4,3,2,3,1,1,0,0,0,0,1,36,10,4,5,1,3,10,1,4
682,2,"1, 2, 5",1,1,0,0,1,0,1,"1, 2, 3, 4",4,5,5,1,3,3,3,1,3,1,2,1,1,0,0,0,0,24,8,4,7,3,3,8,1,1
683,2,"1, 2, 4",1,1,0,1,0,0,3,"1, 2",2,5,5,4,5,4,5,4,4,4,1,1,1,0,0,,0,22,8,0,1,1,1,8,3,1
684,3,"1, 2, 6",1,1,0,0,0,1,2,"2, 3",2,2,4,1,1,5,1,1,1,1,2,1,1,0,0,0,0,30,8,5,5,2,4,8,3,1
685,3,"1, 2, 3, 4, 5",1,1,1,1,1,0,1,"1, 2, 3, 4",4,5,5,5,5,4,5,4,5,5,3,1,1,1,1,1,1,44,10,4,4,3,1,10,1,1
686,1,2,0,1,0,0,0,0,1,2,1,3,5,5,5,3,2,5,5,5,1,1,0,0,0,1,1,52,9,5,5,2,2,9,1,1
687,3,"1, 2, 5",1,1,0,0,1,0,2,2,1,3,5,1,5,1,1,1,4,1,2,1,1,0,0,0,0,50,9,6,5,2,1,13,1,1
688,2,"1, 2, 3, 4, 5, 6",1,1,1,1,1,1,3,"1, 2, 3, 4",4,5,5,5,5,4,3,4,5,5,2,1,1,0,0,,1,28,10,4,4,3,3,10,1,1
689,2,"1, 4, 5, 6",1,0,0,1,1,1,2,"2, 3, 4",3,4,4,3,3,5,5,3,3,3,2,1,0,0,0,1,0,23,13,4,1,1,1,10,1,1
690,1,2,0,1,0,0,0,0,2,1,1,4,5,4,4,2,4,4,4,3,1,1,0,0,0,0,0,47,10,6,5,2,1,7,2,1
691,2,"1, 2",1,1,0,0,0,0,1,3,1,5,5,2,4,2,3,2,5,3,3,1,1,0,0,0,0,25,10,4,7,2,4,10,3,1
692,3,"1, 2, 4",1,1,0,1,0,0,2,"1, 2, 3, 4",4,5,5,4,5,4,5,5,4,5,1,1,1,1,0,,1,22,11,4,1,1,3,11,1,1
693,2,"1, 2, 6",1,1,0,0,0,1,3,"1, 2, 3, 4",4,5,3,2,3,3,4,2,3,2,1,1,1,0,0,,0,28,10,4,4,2,1,10,1,1
694,1,"1, 2",1,1,0,0,0,0,1,2,1,4,5,5,5,4,4,3,4,3,1,1,1,0,0,1,0,42,8,6,5,2,3,8,1,1
695,1,"1, 2, 5, 6",1,1,0,0,1,1,3,"2, 3",2,4,5,2,4,4,2,2,4,4,"1, 3",2,1,1,0,,0,24,10,4,1,1,1,10,1,1
696,3,"1, 2, 4, 5, 6",1,1,0,1,1,1,2,"1, 2, 3, 4",4,4,4,1,2,4,2,4,4,4,2,1,0,0,0,1,1,35,10,1,2,1,1,10,1,1
697,2,"1, 2, 4, 6",1,1,0,1,0,1,3,"1, 2, 3, 4",4,5,5,5,5,5,5,5,5,5,1,1,1,0,0,1,0,29,10,4,2,2,1,10,,1
698,3,1,1,0,0,0,0,0,3,2,1,5,4,4,5,4,4,4,5,5,1,1,0,0,0,0,0,32,8,5,5,2,1,13,1,1